"CENSUS_YEAR","DGUID","ALT_GEO_CODE","GEO_LEVEL","GEO_NAME","TNR_SF","TNR_LF","DATA_QUALITY_FLAG","CHARACTERISTIC_ID","CHARACTERISTIC_NAME","CHARACTERISTIC_NOTE","C1_COUNT_TOTAL","SYMBOL","C2_COUNT_MEN.","SYMBOL.1","C3_COUNT_WOMEN.","SYMBOL.2","C4_COUNT_LOW_CI_TOTAL","SYMBOL.3","C5_COUNT_LOW_CI_MEN.","SYMBOL.4","C6_COUNT_LOW_CI_WOMEN.","SYMBOL.5","C7_COUNT_HI_CI_TOTAL","SYMBOL.6","C8_COUNT_HI_CI_MEN.","SYMBOL.7","C9_COUNT_HI_CI_WOMEN.","SYMBOL.8","C10_RATE_TOTAL","SYMBOL.9","C11_RATE_MEN.","SYMBOL.10","C12_RATE_WOMEN.","SYMBOL.11","C13_RATE_LOW_CI_TOTAL","SYMBOL.12","C14_RATE_LOW_CI_MEN.","SYMBOL.13","C15_RATE_LOW_CI_WOMEN.","SYMBOL.14","C16_RATE_HI_CI_TOTAL","SYMBOL.15","C17_RATE_HI_CI_MEN.","SYMBOL.16","C18_RATE_HI_CI_WOMEN.","SYMBOL.17"
2021,"2021S051624660001",24660001,"Aggregate dissemination area",24660001,1,1.4,0,143,"    Median employment income in 2020 for full-year full-time workers in 2020 ($)",14,60400,"",64000,"",56400,"",58801,"",59397,"",54343,"",61999,"",68603,"",58457,"",60400,"",64000,"",56400,"",58801,"",59397,"",54343,"",61999,"",68603,"",58457,""
2021,"2021S051624660002",24660002,"Aggregate dissemination area",24660002,1.1,2.3,0,143,"    Median employment income in 2020 for full-year full-time workers in 2020 ($)",14,62800,"",68500,"",55200,"",60254,"",65995,"",53082,"",65346,"",71005,"",57318,"",62800,"",68500,"",55200,"",60254,"",65995,"",53082,"",65346,"",71005,"",57318,""
2021,"2021S051624660003",24660003,"Aggregate dissemination area",24660003,1.5,2.1,0,143,"    Median employment income in 2020 for full-year full-time workers in 2020 ($)",14,56000,"",57600,"",54800,"",54085,"",54565,"",49871,"",57915,"",60635,"",59729,"",56000,"",57600,"",54800,"",54085,"",54565,"",49871,"",57915,"",60635,"",59729,""
2021,"2021S051624660004",24660004,"Aggregate dissemination area",24660004,1.9,2.7,0,143,"    Median employment income in 2020 for full-year full-time workers in 2020 ($)",14,54000,"",56800,"",51200,"",52126,"",55048,"",49744,"",55874,"",58552,"",52656,"",54000,"",56800,"",51200,"",52126,"",55048,"",49744,"",55874,"",58552,"",52656,""
2021,"2021S051624660005",24660005,"Aggregate dissemination area",24660005,2.2,2.2,0,143,"    Median employment income in 2020 for full-year full-time workers in 2020 ($)",14,52400,"",54400,"",50000,"",49874,"",49919,"",46171,"",54926,"",58881,"",53829,"",52400,"",54400,"",50000,"",49874,"",49919,"",46171,"",54926,"",58881,"",53829,""
2021,"2021S051624660006",24660006,"Aggregate dissemination area",24660006,1,1.3,0,143,"    Median employment income in 2020 for full-year full-time workers in 2020 ($)",14,59200,"",60400,"",56800,"",57082,"",57365,"",51993,"",61318,"",63435,"",61607,"",59200,"",60400,"",56800,"",57082,"",57365,"",51993,"",61318,"",63435,"",61607,""
2021,"2021S051624660007",24660007,"Aggregate dissemination area",24660007,1.4,2.2,0,143,"    Median employment income in 2020 for full-year full-time workers in 2020 ($)",14,53200,"",56000,"",48800,"",51469,"",54085,"",45989,"",54931,"",57915,"",51611,"",53200,"",56000,"",48800,"",51469,"",54085,"",45989,"",54931,"",57915,"",51611,""
2021,"2021S051624660008",24660008,"Aggregate dissemination area",24660008,1.4,2.6,0,143,"    Median employment income in 2020 for full-year full-time workers in 2020 ($)",14,54400,"",57200,"",53200,"",52526,"",53004,"",51122,"",56274,"",61396,"",55278,"",54400,"",57200,"",53200,"",52526,"",53004,"",51122,"",56274,"",61396,"",55278,""
2021,"2021S051624660009",24660009,"Aggregate dissemination area",24660009,1.7,3.1,0,143,"    Median employment income in 2020 for full-year full-time workers in 2020 ($)",14,52400,"",58000,"",48000,"",51129,"",54008,"",44211,"",53671,"",61992,"",51789,"",52400,"",58000,"",48000,"",51129,"",54008,"",44211,"",53671,"",61992,"",51789,""
2021,"2021S051624660010",24660010,"Aggregate dissemination area",24660010,2.2,2.8,0,143,"    Median employment income in 2020 for full-year full-time workers in 2020 ($)",14,52400,"",54800,"",51200,"",49589,"",49382,"",48348,"",55211,"",60218,"",54052,"",52400,"",54800,"",51200,"",49589,"",49382,"",48348,"",55211,"",60218,"",54052,""
2021,"2021S051624660011",24660011,"Aggregate dissemination area",24660011,1.5,2.2,0,143,"    Median employment income in 2020 for full-year full-time workers in 2020 ($)",14,54400,"",62400,"",50400,"",52730,"",59141,"",47548,"",56070,"",65659,"",53252,"",54400,"",62400,"",50400,"",52730,"",59141,"",47548,"",56070,"",65659,"",53252,""
2021,"2021S051624660012",24660012,"Aggregate dissemination area",24660012,1.3,2.3,0,143,"    Median employment income in 2020 for full-year full-time workers in 2020 ($)",14,51600,"",56400,"",48400,"",49583,"",50982,"",45243,"",53617,"",61818,"",51557,"",51600,"",56400,"",48400,"",49583,"",50982,"",45243,"",53617,"",61818,"",51557,""
2021,"2021S051624660013",24660013,"Aggregate dissemination area",24660013,1.5,1.4,0,143,"    Median employment income in 2020 for full-year full-time workers in 2020 ($)",14,54400,"",54000,"",55200,"",50734,"",49926,"",49334,"",58066,"",58074,"",61066,"",54400,"",54000,"",55200,"",50734,"",49926,"",49334,"",58066,"",58074,"",61066,""
2021,"2021S051624660014",24660014,"Aggregate dissemination area",24660014,1.5,3,0,143,"    Median employment income in 2020 for full-year full-time workers in 2020 ($)",14,50800,"",53600,"",46400,"",46319,"",47245,"",43813,"",55281,"",59955,"",48987,"",50800,"",53600,"",46400,"",46319,"",47245,"",43813,"",55281,"",59955,"",48987,""
2021,"2021S051624660015",24660015,"Aggregate dissemination area",24660015,1.7,1.8,0,143,"    Median employment income in 2020 for full-year full-time workers in 2020 ($)",14,59600,"",60800,"",58400,"",58195,"",57419,"",55813,"",61005,"",64181,"",60987,"",59600,"",60800,"",58400,"",58195,"",57419,"",55813,"",61005,"",64181,"",60987,""
2021,"2021S051624660016",24660016,"Aggregate dissemination area",24660016,3.5,4.4,0,143,"    Median employment income in 2020 for full-year full-time workers in 2020 ($)",14,51600,"",55600,"",50400,"",48341,"",49693,"",47589,"",54859,"",61507,"",53211,"",51600,"",55600,"",50400,"",48341,"",49693,"",47589,"",54859,"",61507,"",53211,""
2021,"2021S051624660017",24660017,"Aggregate dissemination area",24660017,2.6,2.5,0,143,"    Median employment income in 2020 for full-year full-time workers in 2020 ($)",14,52400,"",52000,"",54000,"",50689,"",49678,"",51576,"",54111,"",54322,"",56424,"",52400,"",52000,"",54000,"",50689,"",49678,"",51576,"",54111,"",54322,"",56424,""
2021,"2021S051624660018",24660018,"Aggregate dissemination area",24660018,2.4,3.5,0,143,"    Median employment income in 2020 for full-year full-time workers in 2020 ($)",14,55200,"",56000,"",53200,"",53448,"",53087,"",49534,"",56952,"",58913,"",56866,"",55200,"",56000,"",53200,"",53448,"",53087,"",49534,"",56952,"",58913,"",56866,""
2021,"2021S051624660019",24660019,"Aggregate dissemination area",24660019,2.4,2.7,0,143,"    Median employment income in 2020 for full-year full-time workers in 2020 ($)",14,54400,"",57200,"",50400,"",51630,"",52474,"",47324,"",57170,"",61926,"",53476,"",54400,"",57200,"",50400,"",51630,"",52474,"",47324,"",57170,"",61926,"",53476,""
2021,"2021S051624660020",24660020,"Aggregate dissemination area",24660020,2.7,3.2,0,143,"    Median employment income in 2020 for full-year full-time workers in 2020 ($)",14,46400,"",47600,"",45600,"",44526,"",43689,"",42585,"",48274,"",51511,"",48615,"",46400,"",47600,"",45600,"",44526,"",43689,"",42585,"",48274,"",51511,"",48615,""
2021,"2021S051624660021",24660021,"Aggregate dissemination area",24660021,2.7,3.4,0,143,"    Median employment income in 2020 for full-year full-time workers in 2020 ($)",14,50800,"",50800,"",51200,"",49089,"",48172,"",47982,"",52511,"",53428,"",54418,"",50800,"",50800,"",51200,"",49089,"",48172,"",47982,"",52511,"",53428,"",54418,""
2021,"2021S051624660023",24660023,"Aggregate dissemination area",24660023,3.7,5.1,0,143,"    Median employment income in 2020 for full-year full-time workers in 2020 ($)",14,38000,"",38400,"",36800,"",36666,"",36607,"",34498,"",39334,"",40193,"",39102,"",38000,"",38400,"",36800,"",36666,"",36607,"",34498,"",39334,"",40193,"",39102,""
2021,"2021S051624660024",24660024,"Aggregate dissemination area",24660024,1.6,2.4,0,143,"    Median employment income in 2020 for full-year full-time workers in 2020 ($)",14,51200,"",53200,"",48400,"",49285,"",50695,"",43389,"",53115,"",55705,"",53411,"",51200,"",53200,"",48400,"",49285,"",50695,"",43389,"",53115,"",55705,"",53411,""
2021,"2021S051624660025",24660025,"Aggregate dissemination area",24660025,1.6,2.1,0,143,"    Median employment income in 2020 for full-year full-time workers in 2020 ($)",14,65000,"",65000,"",65500,"",62352,"",61171,"",54826,"",67648,"",68829,"",76174,"",65000,"",65000,"",65500,"",62352,"",61171,"",54826,"",67648,"",68829,"",76174,""
2021,"2021S051624660026",24660026,"Aggregate dissemination area",24660026,2,3.6,0,143,"    Median employment income in 2020 for full-year full-time workers in 2020 ($)",14,60400,"",67500,"",56000,"",57935,"",63141,"",51559,"",62865,"",71859,"",60441,"",60400,"",67500,"",56000,"",57935,"",63141,"",51559,"",62865,"",71859,"",60441,""
2021,"2021S051624660027",24660027,"Aggregate dissemination area",24660027,3,5.6,0,143,"    Median employment income in 2020 for full-year full-time workers in 2020 ($)",14,39600,"",41200,"",35600,"",37706,"",39326,"",33115,"",41494,"",43074,"",38085,"",39600,"",41200,"",35600,"",37706,"",39326,"",33115,"",41494,"",43074,"",38085,""
2021,"2021S051624660028",24660028,"Aggregate dissemination area",24660028,2.2,3.5,0,143,"    Median employment income in 2020 for full-year full-time workers in 2020 ($)",14,50400,"",51200,"",45600,"",46856,"",45252,"",35089,"",53944,"",57148,"",56111,"",50400,"",51200,"",45600,"",46856,"",45252,"",35089,"",53944,"",57148,"",56111,""
2021,"2021S051624660029",24660029,"Aggregate dissemination area",24660029,2.3,3.5,0,143,"    Median employment income in 2020 for full-year full-time workers in 2020 ($)",14,43600,"",45600,"",40000,"",41828,"",44042,"",37006,"",45372,"",47158,"",42994,"",43600,"",45600,"",40000,"",41828,"",44042,"",37006,"",45372,"",47158,"",42994,""
2021,"2021S051624660030",24660030,"Aggregate dissemination area",24660030,2.1,3.6,0,143,"    Median employment income in 2020 for full-year full-time workers in 2020 ($)",14,56800,"",60400,"",53600,"",53093,"",54452,"",49893,"",60507,"",66348,"",57307,"",56800,"",60400,"",53600,"",53093,"",54452,"",49893,"",60507,"",66348,"",57307,""
2021,"2021S051624660031",24660031,"Aggregate dissemination area",24660031,2.3,2.7,0,143,"    Median employment income in 2020 for full-year full-time workers in 2020 ($)",14,53600,"",57200,"",51200,"",51278,"",51822,"",47615,"",55922,"",62578,"",54785,"",53600,"",57200,"",51200,"",51278,"",51822,"",47615,"",55922,"",62578,"",54785,""
2021,"2021S051624660032",24660032,"Aggregate dissemination area",24660032,1.6,2,0,143,"    Median employment income in 2020 for full-year full-time workers in 2020 ($)",14,54400,"",55200,"",54000,"",53056,"",51696,"",51983,"",55744,"",58704,"",56017,"",54400,"",55200,"",54000,"",53056,"",51696,"",51983,"",55744,"",58704,"",56017,""
2021,"2021S051624660033",24660033,"Aggregate dissemination area",24660033,2,3.5,0,143,"    Median employment income in 2020 for full-year full-time workers in 2020 ($)",14,52400,"",57200,"",49600,"",49935,"",51252,"",47054,"",54865,"",63148,"",52146,"",52400,"",57200,"",49600,"",49935,"",51252,"",47054,"",54865,"",63148,"",52146,""
2021,"2021S051624660034",24660034,"Aggregate dissemination area",24660034,2.5,2.3,0,143,"    Median employment income in 2020 for full-year full-time workers in 2020 ($)",14,50400,"",51200,"",49600,"",47813,"",47330,"",45893,"",52987,"",55070,"",53307,"",50400,"",51200,"",49600,"",47813,"",47330,"",45893,"",52987,"",55070,"",53307,""
2021,"2021S051624660035",24660035,"Aggregate dissemination area",24660035,3.2,4.2,0,143,"    Median employment income in 2020 for full-year full-time workers in 2020 ($)",14,60400,"",62400,"",57200,"",58119,"",58734,"",53289,"",62681,"",66066,"",61111,"",60400,"",62400,"",57200,"",58119,"",58734,"",53289,"",62681,"",66066,"",61111,""
2021,"2021S051624660036",24660036,"Aggregate dissemination area",24660036,2.1,2,0,143,"    Median employment income in 2020 for full-year full-time workers in 2020 ($)",14,51200,"",50800,"",52800,"",48919,"",46930,"",48115,"",53481,"",54670,"",57485,"",51200,"",50800,"",52800,"",48919,"",46930,"",48115,"",53481,"",54670,"",57485,""
2021,"2021S051624660037",24660037,"Aggregate dissemination area",24660037,1.8,1.8,0,143,"    Median employment income in 2020 for full-year full-time workers in 2020 ($)",14,63600,"",67000,"",60800,"",61135,"",60604,"",55626,"",66065,"",73396,"",65974,"",63600,"",67000,"",60800,"",61135,"",60604,"",55626,"",66065,"",73396,"",65974,""
2021,"2021S051624660038",24660038,"Aggregate dissemination area",24660038,4.8,6.9,0,143,"    Median employment income in 2020 for full-year full-time workers in 2020 ($)",14,48800,"",50800,"",47200,"",47293,"",46604,"",43534,"",50307,"",54996,"",50866,"",48800,"",50800,"",47200,"",47293,"",46604,"",43534,"",50307,"",54996,"",50866,""
2021,"2021S051624660039",24660039,"Aggregate dissemination area",24660039,2.5,3,0,143,"    Median employment income in 2020 for full-year full-time workers in 2020 ($)",14,54400,"",56800,"",52800,"",52546,"",54620,"",49928,"",56254,"",58980,"",55672,"",54400,"",56800,"",52800,"",52546,"",54620,"",49928,"",56254,"",58980,"",55672,""
2021,"2021S051624660040",24660040,"Aggregate dissemination area",24660040,2.6,4,0,143,"    Median employment income in 2020 for full-year full-time workers in 2020 ($)",14,56000,"",56000,"",56800,"",53820,"",52924,"",50689,"",58180,"",59076,"",62911,"",56000,"",56000,"",56800,"",53820,"",52924,"",50689,"",58180,"",59076,"",62911,""
2021,"2021S051624660041",24660041,"Aggregate dissemination area",24660041,2.5,2.8,0,143,"    Median employment income in 2020 for full-year full-time workers in 2020 ($)",14,48800,"",53200,"",45200,"",46783,"",49411,"",41452,"",50817,"",56989,"",48948,"",48800,"",53200,"",45200,"",46783,"",49411,"",41452,"",50817,"",56989,"",48948,""
2021,"2021S051624660042",24660042,"Aggregate dissemination area",24660042,3.2,3.1,0,143,"    Median employment income in 2020 for full-year full-time workers in 2020 ($)",14,44800,"",47200,"",42000,"",43374,"",44287,"",39372,"",46226,"",50113,"",44628,"",44800,"",47200,"",42000,"",43374,"",44287,"",39372,"",46226,"",50113,"",44628,""
2021,"2021S051624660043",24660043,"Aggregate dissemination area",24660043,2,2.1,0,143,"    Median employment income in 2020 for full-year full-time workers in 2020 ($)",14,56400,"",59600,"",51600,"",52734,"",56728,"",46060,"",60066,"",62472,"",57140,"",56400,"",59600,"",51600,"",52734,"",56728,"",46060,"",60066,"",62472,"",57140,""
2021,"2021S051624660044",24660044,"Aggregate dissemination area",24660044,2.9,3.4,0,143,"    Median employment income in 2020 for full-year full-time workers in 2020 ($)",14,48800,"",51600,"",45600,"",46702,"",49583,"",43013,"",50898,"",53617,"",48187,"",48800,"",51600,"",45600,"",46702,"",49583,"",43013,"",50898,"",53617,"",48187,""
2021,"2021S051624660045",24660045,"Aggregate dissemination area",24660045,4.6,6.3,0,143,"    Median employment income in 2020 for full-year full-time workers in 2020 ($)",14,42400,"",43200,"",40400,"",40322,"",40980,"",34697,"",44478,"",45420,"",46103,"",42400,"",43200,"",40400,"",40322,"",40980,"",34697,"",44478,"",45420,"",46103,""
2021,"2021S051624660046",24660046,"Aggregate dissemination area",24660046,2.3,3.4,0,143,"    Median employment income in 2020 for full-year full-time workers in 2020 ($)",14,47600,"",50400,"",44800,"",45869,"",46367,"",42213,"",49331,"",54433,"",47387,"",47600,"",50400,"",44800,"",45869,"",46367,"",42213,"",49331,"",54433,"",47387,""
2021,"2021S051624660047",24660047,"Aggregate dissemination area",24660047,1.9,2.2,0,143,"    Median employment income in 2020 for full-year full-time workers in 2020 ($)",14,49200,"",50000,"",47600,"",48304,"",47800,"",44015,"",50096,"",52200,"",51185,"",49200,"",50000,"",47600,"",48304,"",47800,"",44015,"",50096,"",52200,"",51185,""
2021,"2021S051624660048",24660048,"Aggregate dissemination area",24660048,3,5,0,143,"    Median employment income in 2020 for full-year full-time workers in 2020 ($)",14,44000,"",45200,"",42000,"",41943,"",42022,"",39943,"",46057,"",48378,"",44057,"",44000,"",45200,"",42000,"",41943,"",42022,"",39943,"",46057,"",48378,"",44057,""
2021,"2021S051624660049",24660049,"Aggregate dissemination area",24660049,2.9,3.7,0,143,"    Median employment income in 2020 for full-year full-time workers in 2020 ($)",14,61200,"",62800,"",57600,"",59204,"",60315,"",55237,"",63196,"",65285,"",59963,"",61200,"",62800,"",57600,"",59204,"",60315,"",55237,"",63196,"",65285,"",59963,""
2021,"2021S051624660050",24660050,"Aggregate dissemination area",24660050,4.1,5,0,143,"    Median employment income in 2020 for full-year full-time workers in 2020 ($)",14,47600,"",47600,"",47600,"",45604,"",42874,"",44443,"",49596,"",52326,"",50757,"",47600,"",47600,"",47600,"",45604,"",42874,"",44443,"",49596,"",52326,"",50757,""
2021,"2021S051624660051",24660051,"Aggregate dissemination area",24660051,2.5,2.3,0,143,"    Median employment income in 2020 for full-year full-time workers in 2020 ($)",14,53600,"",55600,"",50400,"",50341,"",52463,"",44900,"",56859,"",58737,"",55900,"",53600,"",55600,"",50400,"",50341,"",52463,"",44900,"",56859,"",58737,"",55900,""
2021,"2021S051624660052",24660052,"Aggregate dissemination area",24660052,2.8,3.1,0,143,"    Median employment income in 2020 for full-year full-time workers in 2020 ($)",14,68000,"",69000,"",67500,"",64578,"",62237,"",59923,"",71422,"",75763,"",75077,"",68000,"",69000,"",67500,"",64578,"",62237,"",59923,"",71422,"",75763,"",75077,""
2021,"2021S051624660053",24660053,"Aggregate dissemination area",24660053,2.3,2.2,0,143,"    Median employment income in 2020 for full-year full-time workers in 2020 ($)",14,50800,"",54800,"",46800,"",48396,"",51643,"",43969,"",53204,"",57957,"",49631,"",50800,"",54800,"",46800,"",48396,"",51643,"",43969,"",53204,"",57957,"",49631,""
2021,"2021S051624660054",24660054,"Aggregate dissemination area",24660054,3.3,5.2,0,143,"    Median employment income in 2020 for full-year full-time workers in 2020 ($)",14,56800,"",58800,"",54800,"",52726,"",55134,"",49830,"",60874,"",62466,"",59770,"",56800,"",58800,"",54800,"",52726,"",55134,"",49830,"",60874,"",62466,"",59770,""
2021,"2021S051624660055",24660055,"Aggregate dissemination area",24660055,3.4,3.4,0,143,"    Median employment income in 2020 for full-year full-time workers in 2020 ($)",14,52000,"",56000,"",50000,"",50228,"",52089,"",47230,"",53772,"",59911,"",52770,"",52000,"",56000,"",50000,"",50228,"",52089,"",47230,"",53772,"",59911,"",52770,""
2021,"2021S051624660056",24660056,"Aggregate dissemination area",24660056,2.9,3.7,0,143,"    Median employment income in 2020 for full-year full-time workers in 2020 ($)",14,45200,"",49200,"",42400,"",42308,"",45574,"",39508,"",48092,"",52826,"",45292,"",45200,"",49200,"",42400,"",42308,"",45574,"",39508,"",48092,"",52826,"",45292,""
2021,"2021S051624660057",24660057,"Aggregate dissemination area",24660057,3.4,5.2,0,143,"    Median employment income in 2020 for full-year full-time workers in 2020 ($)",14,39600,"",43600,"",36800,"",36259,"",37571,"",31585,"",42941,"",49629,"",42015,"",39600,"",43600,"",36800,"",36259,"",37571,"",31585,"",42941,"",49629,"",42015,""
2021,"2021S051624660058",24660058,"Aggregate dissemination area",24660058,2.8,3,0,143,"    Median employment income in 2020 for full-year full-time workers in 2020 ($)",14,45200,"",46400,"",42400,"",43367,"",45076,"",38408,"",47033,"",47724,"",46392,"",45200,"",46400,"",42400,"",43367,"",45076,"",38408,"",47033,"",47724,"",46392,""
2021,"2021S051624660059",24660059,"Aggregate dissemination area",24660059,2.6,3.2,0,143,"    Median employment income in 2020 for full-year full-time workers in 2020 ($)",14,40400,"",40800,"",38800,"",39349,"",38111,"",35134,"",41451,"",43489,"",42466,"",40400,"",40800,"",38800,"",39349,"",38111,"",35134,"",41451,"",43489,"",42466,""
2021,"2021S051624660061",24660061,"Aggregate dissemination area",24660061,3,3.5,0,143,"    Median employment income in 2020 for full-year full-time workers in 2020 ($)",14,54800,"",56800,"",53600,"",53667,"",54600,"",51217,"",55933,"",59000,"",55983,"",54800,"",56800,"",53600,"",53667,"",54600,"",51217,"",55933,"",59000,"",55983,""
2021,"2021S051624660062",24660062,"Aggregate dissemination area",24660062,2.4,4.4,0,143,"    Median employment income in 2020 for full-year full-time workers in 2020 ($)",14,63600,"",66500,"",59200,"",62378,"",65156,"",55248,"",64822,"",67844,"",63152,"",63600,"",66500,"",59200,"",62378,"",65156,"",55248,"",64822,"",67844,"",63152,""
2021,"2021S051624660063",24660063,"Aggregate dissemination area",24660063,3.1,3.6,0,143,"    Median employment income in 2020 for full-year full-time workers in 2020 ($)",14,58800,"",64500,"",56800,"",55969,"",58471,"",53174,"",61631,"",70529,"",60426,"",58800,"",64500,"",56800,"",55969,"",58471,"",53174,"",61631,"",70529,"",60426,""
2021,"2021S051624660064",24660064,"Aggregate dissemination area",24660064,3.1,3.3,0,143,"    Median employment income in 2020 for full-year full-time workers in 2020 ($)",14,52800,"",55600,"",49600,"",49969,"",52626,"",45526,"",55631,"",58574,"",53674,"",52800,"",55600,"",49600,"",49969,"",52626,"",45526,"",55631,"",58574,"",53674,""
2021,"2021S051624660065",24660065,"Aggregate dissemination area",24660065,3.6,3.9,0,143,"    Median employment income in 2020 for full-year full-time workers in 2020 ($)",14,53600,"",53600,"",53600,"",51726,"",48711,"",49037,"",55474,"",58489,"",58163,"",53600,"",53600,"",53600,"",51726,"",48711,"",49037,"",55474,"",58489,"",58163,""
2021,"2021S051624660066",24660066,"Aggregate dissemination area",24660066,2.5,5.2,0,143,"    Median employment income in 2020 for full-year full-time workers in 2020 ($)",14,58000,"",64500,"",52400,"",55719,"",60345,"",50302,"",60281,"",68655,"",54498,"",58000,"",64500,"",52400,"",55719,"",60345,"",50302,"",60281,"",68655,"",54498,""
2021,"2021S051624660067",24660067,"Aggregate dissemination area",24660067,2.9,3.4,0,143,"    Median employment income in 2020 for full-year full-time workers in 2020 ($)",14,57600,"",59600,"",56000,"",55095,"",54793,"",51722,"",60105,"",64407,"",60278,"",57600,"",59600,"",56000,"",55095,"",54793,"",51722,"",60105,"",64407,"",60278,""
2021,"2021S051624660068",24660068,"Aggregate dissemination area",24660068,4,5,0,143,"    Median employment income in 2020 for full-year full-time workers in 2020 ($)",14,42000,"",40800,"",43600,"",40794,"",37928,"",39974,"",43206,"",43672,"",47226,"",42000,"",40800,"",43600,"",40794,"",37928,"",39974,"",43206,"",43672,"",47226,""
2021,"2021S051624660069",24660069,"Aggregate dissemination area",24660069,3.3,4.3,0,143,"    Median employment income in 2020 for full-year full-time workers in 2020 ($)",14,46000,"",52000,"",42800,"",40663,"",48843,"",38441,"",51337,"",55157,"",47159,"",46000,"",52000,"",42800,"",40663,"",48843,"",38441,"",51337,"",55157,"",47159,""
2021,"2021S051624660070",24660070,"Aggregate dissemination area",24660070,2.9,3.2,0,143,"    Median employment income in 2020 for full-year full-time workers in 2020 ($)",14,58800,"",64000,"",55600,"",56172,"",60130,"",52748,"",61428,"",67870,"",58452,"",58800,"",64000,"",55600,"",56172,"",60130,"",52748,"",61428,"",67870,"",58452,""
2021,"2021S051624660071",24660071,"Aggregate dissemination area",24660071,3.6,3.6,0,143,"    Median employment income in 2020 for full-year full-time workers in 2020 ($)",14,57600,"",59600,"",56800,"",55950,"",55159,"",54050,"",59250,"",64041,"",59550,"",57600,"",59600,"",56800,"",55950,"",55159,"",54050,"",59250,"",64041,"",59550,""
2021,"2021S051624660072",24660072,"Aggregate dissemination area",24660072,2.9,4.4,0,143,"    Median employment income in 2020 for full-year full-time workers in 2020 ($)",14,54400,"",54800,"",52400,"",52526,"",52987,"",47063,"",56274,"",56613,"",57737,"",54400,"",54800,"",52400,"",52526,"",52987,"",47063,"",56274,"",56613,"",57737,""
2021,"2021S051624660073",24660073,"Aggregate dissemination area",24660073,3.2,5,0,143,"    Median employment income in 2020 for full-year full-time workers in 2020 ($)",14,44000,"",43200,"",45200,"",42391,"",39167,"",42796,"",45609,"",47233,"",47604,"",44000,"",43200,"",45200,"",42391,"",39167,"",42796,"",45609,"",47233,"",47604,""
2021,"2021S051624660074",24660074,"Aggregate dissemination area",24660074,3.1,4.8,0,143,"    Median employment income in 2020 for full-year full-time workers in 2020 ($)",14,57200,"",61600,"",52800,"",55428,"",57282,"",50132,"",58972,"",65918,"",55468,"",57200,"",61600,"",52800,"",55428,"",57282,"",50132,"",58972,"",65918,"",55468,""
2021,"2021S051624660075",24660075,"Aggregate dissemination area",24660075,2.9,4,0,143,"    Median employment income in 2020 for full-year full-time workers in 2020 ($)",14,56800,"",60800,"",53600,"",55170,"",57296,"",50626,"",58430,"",64304,"",56574,"",56800,"",60800,"",53600,"",55170,"",57296,"",50626,"",58430,"",64304,"",56574,""
2021,"2021S051624660076",24660076,"Aggregate dissemination area",24660076,3.9,6,0,143,"    Median employment income in 2020 for full-year full-time workers in 2020 ($)",14,50800,"",53600,"",47200,"",47887,"",49445,"",41985,"",53713,"",57755,"",52415,"",50800,"",53600,"",47200,"",47887,"",49445,"",41985,"",53713,"",57755,"",52415,""
2021,"2021S051624660077",24660077,"Aggregate dissemination area",24660077,2.7,4.1,0,143,"    Median employment income in 2020 for full-year full-time workers in 2020 ($)",14,78500,"",84000,"",72500,"",76707,"",80496,"",67245,"",80293,"",87504,"",77755,"",78500,"",84000,"",72500,"",76707,"",80496,"",67245,"",80293,"",87504,"",77755,""
2021,"2021S051624660078",24660078,"Aggregate dissemination area",24660078,2.9,5.2,0,143,"    Median employment income in 2020 for full-year full-time workers in 2020 ($)",14,62000,"",60400,"",62800,"",57111,"",50949,"",57015,"",66889,"",69851,"",68585,"",62000,"",60400,"",62800,"",57111,"",50949,"",57015,"",66889,"",69851,"",68585,""
2021,"2021S051624660079",24660079,"Aggregate dissemination area",24660079,3.3,4.6,0,143,"    Median employment income in 2020 for full-year full-time workers in 2020 ($)",14,58000,"",60800,"",56400,"",55026,"",53711,"",52367,"",60974,"",67889,"",60433,"",58000,"",60800,"",56400,"",55026,"",53711,"",52367,"",60974,"",67889,"",60433,""
2021,"2021S051624660080",24660080,"Aggregate dissemination area",24660080,2.3,2.7,0,143,"    Median employment income in 2020 for full-year full-time workers in 2020 ($)",14,58000,"",63200,"",54400,"",56432,"",58474,"",51345,"",59568,"",67926,"",57455,"",58000,"",63200,"",54400,"",56432,"",58474,"",51345,"",59568,"",67926,"",57455,""
2021,"2021S051624660081",24660081,"Aggregate dissemination area",24660081,2.5,3.7,0,143,"    Median employment income in 2020 for full-year full-time workers in 2020 ($)",14,68000,"",72000,"",64000,"",66381,"",67437,"",57889,"",69619,"",76563,"",70111,"",68000,"",72000,"",64000,"",66381,"",67437,"",57889,"",69619,"",76563,"",70111,""
2021,"2021S051624660082",24660082,"Aggregate dissemination area",24660082,2.7,3.6,0,143,"    Median employment income in 2020 for full-year full-time workers in 2020 ($)",14,67000,"",71500,"",62800,"",63659,"",65715,"",57504,"",70341,"",77285,"",68096,"",67000,"",71500,"",62800,"",63659,"",65715,"",57504,"",70341,"",77285,"",68096,""
2021,"2021S051624660083",24660083,"Aggregate dissemination area",24660083,2.2,2.9,0,143,"    Median employment income in 2020 for full-year full-time workers in 2020 ($)",14,69500,"",80000,"",63200,"",62737,"",75763,"",59493,"",76263,"",84237,"",66907,"",69500,"",80000,"",63200,"",62737,"",75763,"",59493,"",76263,"",84237,"",66907,""
2021,"2021S051624660084",24660084,"Aggregate dissemination area",24660084,7.9,9.2,0,143,"    Median employment income in 2020 for full-year full-time workers in 2020 ($)",14,48400,"",49200,"",47600,"",46567,"",44637,"",45726,"",50233,"",53763,"",49474,"",48400,"",49200,"",47600,"",46567,"",44637,"",45726,"",50233,"",53763,"",49474,""
2021,"2021S051624660085",24660085,"Aggregate dissemination area",24660085,3.9,5,0,143,"    Median employment income in 2020 for full-year full-time workers in 2020 ($)",14,52800,"",50800,"",55200,"",50885,"",48071,"",52674,"",54715,"",53529,"",57726,"",52800,"",50800,"",55200,"",50885,"",48071,"",52674,"",54715,"",53529,"",57726,""
2021,"2021S051624660086",24660086,"Aggregate dissemination area",24660086,3.3,3.4,0,143,"    Median employment income in 2020 for full-year full-time workers in 2020 ($)",14,63600,"",68500,"",57200,"",61278,"",65445,"",51415,"",65922,"",71555,"",62985,"",63600,"",68500,"",57200,"",61278,"",65445,"",51415,"",65922,"",71555,"",62985,""
2021,"2021S051624660087",24660087,"Aggregate dissemination area",24660087,4.3,5.4,0,143,"    Median employment income in 2020 for full-year full-time workers in 2020 ($)",14,56400,"",61600,"",54000,"",54200,"",58300,"",50822,"",58600,"",64900,"",57178,"",56400,"",61600,"",54000,"",54200,"",58300,"",50822,"",58600,"",64900,"",57178,""
2021,"2021S051624660088",24660088,"Aggregate dissemination area",24660088,5.8,8.1,0,143,"    Median employment income in 2020 for full-year full-time workers in 2020 ($)",14,66500,"",68500,"",60800,"",64545,"",64996,"",55015,"",68455,"",72004,"",66585,"",66500,"",68500,"",60800,"",64545,"",64996,"",55015,"",68455,"",72004,"",66585,""
2021,"2021S051624660089",24660089,"Aggregate dissemination area",24660089,3.5,4.3,0,143,"    Median employment income in 2020 for full-year full-time workers in 2020 ($)",14,54800,"",56800,"",48800,"",53221,"",54519,"",42404,"",56379,"",59081,"",55196,"",54800,"",56800,"",48800,"",53221,"",54519,"",42404,"",56379,"",59081,"",55196,""
2021,"2021S051624660090",24660090,"Aggregate dissemination area",24660090,3.3,3.7,0,143,"    Median employment income in 2020 for full-year full-time workers in 2020 ($)",14,61200,"",65000,"",58400,"",59000,"",61456,"",54978,"",63400,"",68544,"",61822,"",61200,"",65000,"",58400,"",59000,"",61456,"",54978,"",63400,"",68544,"",61822,""
2021,"2021S051624660091",24660091,"Aggregate dissemination area",24660091,3.8,4.6,0,143,"    Median employment income in 2020 for full-year full-time workers in 2020 ($)",14,66000,"",71000,"",61600,"",62904,"",66926,"",58015,"",69096,"",75074,"",65185,"",66000,"",71000,"",61600,"",62904,"",66926,"",58015,"",69096,"",75074,"",65185,""
2021,"2021S051624660092",24660092,"Aggregate dissemination area",24660092,4.6,5,0,143,"    Median employment income in 2020 for full-year full-time workers in 2020 ($)",14,56000,"",58800,"",54400,"",54187,"",54563,"",50856,"",57813,"",63037,"",57944,"",56000,"",58800,"",54400,"",54187,"",54563,"",50856,"",57813,"",63037,"",57944,""
2021,"2021S051624660093",24660093,"Aggregate dissemination area",24660093,3.5,4,0,143,"    Median employment income in 2020 for full-year full-time workers in 2020 ($)",14,61200,"",66500,"",54400,"",59020,"",62263,"",50448,"",63380,"",70737,"",58352,"",61200,"",66500,"",54400,"",59020,"",62263,"",50448,"",63380,"",70737,"",58352,""
2021,"2021S051624660094",24660094,"Aggregate dissemination area",24660094,6,6.6,0,143,"    Median employment income in 2020 for full-year full-time workers in 2020 ($)",14,62000,"",66500,"",60400,"",60085,"",61000,"",57793,"",63915,"",72000,"",63007,"",62000,"",66500,"",60400,"",60085,"",61000,"",57793,"",63915,"",72000,"",63007,""
2021,"2021S051624660095",24660095,"Aggregate dissemination area",24660095,2.8,3.2,0,143,"    Median employment income in 2020 for full-year full-time workers in 2020 ($)",14,74500,"",81000,"",68000,"",72524,"",77008,"",63071,"",76476,"",84992,"",72929,"",74500,"",81000,"",68000,"",72524,"",77008,"",63071,"",76476,"",84992,"",72929,""
2021,"2021S051624660096",24660096,"Aggregate dissemination area",24660096,3.8,5.1,0,143,"    Median employment income in 2020 for full-year full-time workers in 2020 ($)",14,58000,"",61600,"",52400,"",55820,"",58178,"",46737,"",60180,"",65022,"",58063,"",58000,"",61600,"",52400,"",55820,"",58178,"",46737,"",60180,"",65022,"",58063,""
2021,"2021S051624660097",24660097,"Aggregate dissemination area",24660097,3.9,5.9,0,143,"    Median employment income in 2020 for full-year full-time workers in 2020 ($)",14,60400,"",65500,"",56800,"",58607,"",63402,"",54559,"",62193,"",67598,"",59041,"",60400,"",65500,"",56800,"",58607,"",63402,"",54559,"",62193,"",67598,"",59041,""
2021,"2021S051624660098",24660098,"Aggregate dissemination area",24660098,2.7,3.4,0,143,"    Median employment income in 2020 for full-year full-time workers in 2020 ($)",14,64500,"",68500,"",59600,"",62320,"",64589,"",55689,"",66680,"",72411,"",63511,"",64500,"",68500,"",59600,"",62320,"",64589,"",55689,"",66680,"",72411,"",63511,""
2021,"2021S051624660099",24660099,"Aggregate dissemination area",24660099,2.8,4.6,0,143,"    Median employment income in 2020 for full-year full-time workers in 2020 ($)",14,71000,"",78500,"",63200,"",66234,"",74263,"",59859,"",75766,"",82737,"",66541,"",71000,"",78500,"",63200,"",66234,"",74263,"",59859,"",75766,"",82737,"",66541,""
2021,"2021S051624660100",24660100,"Aggregate dissemination area",24660100,3.8,5,0,143,"    Median employment income in 2020 for full-year full-time workers in 2020 ($)",14,61600,"",66500,"",58800,"",59807,"",62508,"",56987,"",63393,"",70492,"",60613,"",61600,"",66500,"",58800,"",59807,"",62508,"",56987,"",63393,"",70492,"",60613,""
2021,"2021S051624660101",24660101,"Aggregate dissemination area",24660101,5.4,7.2,0,143,"    Median employment income in 2020 for full-year full-time workers in 2020 ($)",14,68000,"",75000,"",61600,"",64700,"",70111,"",55408,"",71300,"",79889,"",67792,"",68000,"",75000,"",61600,"",64700,"",70111,"",55408,"",71300,"",79889,"",67792,""
2021,"2021S051624660102",24660102,"Aggregate dissemination area",24660102,3.1,4.5,0,143,"    Median employment income in 2020 for full-year full-time workers in 2020 ($)",14,64000,"",66500,"",61200,"",62721,"",63037,"",56759,"",65279,"",69963,"",65641,"",64000,"",66500,"",61200,"",62721,"",63037,"",56759,"",65279,"",69963,"",65641,""
2021,"2021S051624660103",24660103,"Aggregate dissemination area",24660103,4.3,5,0,143,"    Median employment income in 2020 for full-year full-time workers in 2020 ($)",14,69500,"",76500,"",60000,"",67035,"",73648,"",55478,"",71965,"",79352,"",64522,"",69500,"",76500,"",60000,"",67035,"",73648,"",55478,"",71965,"",79352,"",64522,""
2021,"2021S051624660104",24660104,"Aggregate dissemination area",24660104,3.6,3.5,0,143,"    Median employment income in 2020 for full-year full-time workers in 2020 ($)",14,64500,"",71500,"",54400,"",61078,"",65267,"",49389,"",67922,"",77733,"",59411,"",64500,"",71500,"",54400,"",61078,"",65267,"",49389,"",67922,"",77733,"",59411,""
2021,"2021S051624660105",24660105,"Aggregate dissemination area",24660105,2.9,3.9,0,143,"    Median employment income in 2020 for full-year full-time workers in 2020 ($)",14,67500,"",74500,"",62000,"",64343,"",69774,"",56989,"",70657,"",79226,"",67011,"",67500,"",74500,"",62000,"",64343,"",69774,"",56989,"",70657,"",79226,"",67011,""
2021,"2021S051624660106",24660106,"Aggregate dissemination area",24660106,2.8,3.6,0,143,"    Median employment income in 2020 for full-year full-time workers in 2020 ($)",14,70500,"",72000,"",69500,"",68382,"",68171,"",65671,"",72618,"",75829,"",73329,"",70500,"",72000,"",69500,"",68382,"",68171,"",65671,"",72618,"",75829,"",73329,""
2021,"2021S051624660107",24660107,"Aggregate dissemination area",24660107,4.9,5.8,0,143,"    Median employment income in 2020 for full-year full-time workers in 2020 ($)",14,58800,"",64500,"",52800,"",55500,"",61628,"",48197,"",62100,"",67372,"",57403,"",58800,"",64500,"",52800,"",55500,"",61628,"",48197,"",62100,"",67372,"",57403,""
2021,"2021S051624660108",24660108,"Aggregate dissemination area",24660108,3.2,3.5,0,143,"    Median employment income in 2020 for full-year full-time workers in 2020 ($)",14,52000,"",54000,"",48800,"",50990,"",52330,"",45989,"",53010,"",55670,"",51611,"",52000,"",54000,"",48800,"",50990,"",52330,"",45989,"",53010,"",55670,"",51611,""
2021,"2021S051624660109",24660109,"Aggregate dissemination area",24660109,3.8,4.3,0,143,"    Median employment income in 2020 for full-year full-time workers in 2020 ($)",14,69500,"",73000,"",66000,"",67076,"",69965,"",62334,"",71924,"",76035,"",69666,"",69500,"",73000,"",66000,"",67076,"",69965,"",62334,"",71924,"",76035,"",69666,""
2021,"2021S051624660110",24660110,"Aggregate dissemination area",24660110,3.8,5.4,0,143,"    Median employment income in 2020 for full-year full-time workers in 2020 ($)",14,49200,"",48400,"",49600,"",47662,"",43878,"",45730,"",50738,"",52922,"",53470,"",49200,"",48400,"",49600,"",47662,"",43878,"",45730,"",50738,"",52922,"",53470,""
2021,"2021S051624660111",24660111,"Aggregate dissemination area",24660111,4.4,5.9,0,143,"    Median employment income in 2020 for full-year full-time workers in 2020 ($)",14,74500,"",79500,"",66500,"",71159,"",74856,"",63709,"",77841,"",84144,"",69291,"",74500,"",79500,"",66500,"",71159,"",74856,"",63709,"",77841,"",84144,"",69291,""
2021,"2021S051624660112",24660112,"Aggregate dissemination area",24660112,3.9,5.5,0,143,"    Median employment income in 2020 for full-year full-time workers in 2020 ($)",14,75500,"",81000,"",69500,"",73483,"",77171,"",63511,"",77517,"",84829,"",75489,"",75500,"",81000,"",69500,"",73483,"",77171,"",63511,"",77517,"",84829,"",75489,""
2021,"2021S051624660113",24660113,"Aggregate dissemination area",24660113,3.8,5.5,0,143,"    Median employment income in 2020 for full-year full-time workers in 2020 ($)",14,56800,"",58400,"",54800,"",54295,"",51230,"",50156,"",59305,"",65570,"",59444,"",56800,"",58400,"",54800,"",54295,"",51230,"",50156,"",59305,"",65570,"",59444,""
2021,"2021S051624660114",24660114,"Aggregate dissemination area",24660114,3.9,4.6,0,143,"    Median employment income in 2020 for full-year full-time workers in 2020 ($)",14,69000,"",75500,"",65000,"",66963,"",71671,"",61415,"",71037,"",79329,"",68585,"",69000,"",75500,"",65000,"",66963,"",71671,"",61415,"",71037,"",79329,"",68585,""
2021,"2021S051624660115",24660115,"Aggregate dissemination area",24660115,7.2,7.6,0,143,"    Median employment income in 2020 for full-year full-time workers in 2020 ($)",14,61200,"",66000,"",54400,"",59061,"",64045,"",50245,"",63339,"",67955,"",58555,"",61200,"",66000,"",54400,"",59061,"",64045,"",50245,"",63339,"",67955,"",58555,""
2021,"2021S051624660116",24660116,"Aggregate dissemination area",24660116,5.7,7,0,143,"    Median employment income in 2020 for full-year full-time workers in 2020 ($)",14,67500,"",74500,"",58800,"",64567,"",69326,"",53504,"",70433,"",79674,"",64096,"",67500,"",74500,"",58800,"",64567,"",69326,"",53504,"",70433,"",79674,"",64096,""
2021,"2021S051624660117",24660117,"Aggregate dissemination area",24660117,5.4,6.1,0,143,"    Median employment income in 2020 for full-year full-time workers in 2020 ($)",14,65500,"",70000,"",59200,"",62404,"",66741,"",54800,"",68596,"",73259,"",63600,"",65500,"",70000,"",59200,"",62404,"",66741,"",54800,"",68596,"",73259,"",63600,""
2021,"2021S051624660118",24660118,"Aggregate dissemination area",24660118,5.7,7.3,0,143,"    Median employment income in 2020 for full-year full-time workers in 2020 ($)",14,65000,"",68000,"",60400,"",62433,"",62622,"",55674,"",67567,"",73378,"",65126,"",65000,"",68000,"",60400,"",62433,"",62622,"",55674,"",67567,"",73378,"",65126,""
2021,"2021S051624660119",24660119,"Aggregate dissemination area",24660119,10.1,12.2,1010,143,"    Median employment income in 2020 for full-year full-time workers in 2020 ($)",14,84000,"",92000,"",73000,"",81495,"",87600,"",68519,"",86505,"",96400,"",77481,"",84000,"",92000,"",73000,"",81495,"",87600,"",68519,"",86505,"",96400,"",77481,""
2021,"2021S051624660120",24660120,"Aggregate dissemination area",24660120,3.9,5.6,0,143,"    Median employment income in 2020 for full-year full-time workers in 2020 ($)",14,40000,"",39600,"",41600,"",36782,"",36178,"",36019,"",43218,"",43022,"",47181,"",40000,"",39600,"",41600,"",36782,"",36178,"",36019,"",43218,"",43022,"",47181,""
2021,"2021S051624660121",24660121,"Aggregate dissemination area",24660121,3.8,4.7,0,143,"    Median employment income in 2020 for full-year full-time workers in 2020 ($)",14,53200,"",54800,"",51600,"",50858,"",51846,"",48463,"",55542,"",57754,"",54737,"",53200,"",54800,"",51600,"",50858,"",51846,"",48463,"",55542,"",57754,"",54737,""
2021,"2021S051624660122",24660122,"Aggregate dissemination area",24660122,4.7,5,0,143,"    Median employment income in 2020 for full-year full-time workers in 2020 ($)",14,70500,"",72000,"",70500,"",66752,"",61571,"",65041,"",74248,"",82429,"",75959,"",70500,"",72000,"",70500,"",66752,"",61571,"",65041,"",74248,"",82429,"",75959,""
2021,"2021S051624660123",24660123,"Aggregate dissemination area",24660123,4.7,5.1,0,143,"    Median employment income in 2020 for full-year full-time workers in 2020 ($)",14,41200,"",41200,"",38000,"",38185,"",38246,"",30667,"",44215,"",44154,"",45333,"",41200,"",41200,"",38000,"",38185,"",38246,"",30667,"",44215,"",44154,"",45333,""
2021,"2021S051624660124",24660124,"Aggregate dissemination area",24660124,9,12.1,10,143,"    Median employment income in 2020 for full-year full-time workers in 2020 ($)",14,68000,"",78500,"",56800,"",64211,"",68641,"",49711,"",71789,"",88359,"",63889,"",68000,"",78500,"",56800,"",64211,"",68641,"",49711,"",71789,"",88359,"",63889,""
2021,"2021S051624660125",24660125,"Aggregate dissemination area",24660125,4,3.6,0,143,"    Median employment income in 2020 for full-year full-time workers in 2020 ($)",14,45200,"",47600,"",44000,"",42063,"",42630,"",40619,"",48337,"",52570,"",47381,"",45200,"",47600,"",44000,"",42063,"",42630,"",40619,"",48337,"",52570,"",47381,""
2021,"2021S051624660126",24660126,"Aggregate dissemination area",24660126,2.9,3.6,0,143,"    Median employment income in 2020 for full-year full-time workers in 2020 ($)",14,56400,"",60400,"",53200,"",53467,"",56408,"",49819,"",59333,"",64392,"",56581,"",56400,"",60400,"",53200,"",53467,"",56408,"",49819,"",59333,"",64392,"",56581,""
2021,"2021S051624660127",24660127,"Aggregate dissemination area",24660127,3.8,4,0,143,"    Median employment income in 2020 for full-year full-time workers in 2020 ($)",14,77500,"",92000,"",65000,"",68945,"",75501,"",58523,"",86055,"",108499,"",71477,"",77500,"",92000,"",65000,"",68945,"",75501,"",58523,"",86055,"",108499,"",71477,""
2021,"2021S051624660128",24660128,"Aggregate dissemination area",24660128,2,2,0,143,"    Median employment income in 2020 for full-year full-time workers in 2020 ($)",14,121000,"",140000,"",96000,"",111223,"",126454,"",69316,"",130777,"",153546,"",122684,"",121000,"",140000,"",96000,"",111223,"",126454,"",69316,"",130777,"",153546,"",122684,""
2021,"2021S051624660129",24660129,"Aggregate dissemination area",24660129,11.2,12.7,1010,143,"    Median employment income in 2020 for full-year full-time workers in 2020 ($)",14,56800,"",58800,"",54400,"",53602,"",54278,"",50408,"",59998,"",63322,"",58392,"",56800,"",58800,"",54400,"",53602,"",54278,"",50408,"",59998,"",63322,"",58392,""
2021,"2021S051624660130",24660130,"Aggregate dissemination area",24660130,2.9,2.2,0,143,"    Median employment income in 2020 for full-year full-time workers in 2020 ($)",14,93000,"",113000,"",82000,"",87093,"",109496,"",76704,"",98907,"",116504,"",87296,"",93000,"",113000,"",82000,"",87093,"",109496,"",76704,"",98907,"",116504,"",87296,""
2021,"2021S051624660131",24660131,"Aggregate dissemination area",24660131,3,4,0,143,"    Median employment income in 2020 for full-year full-time workers in 2020 ($)",14,95000,"",109000,"",86000,"",90967,"",102074,"",79156,"",99033,"",115926,"",92844,"",95000,"",109000,"",86000,"",90967,"",102074,"",79156,"",99033,"",115926,"",92844,""
2021,"2021S051624660132",24660132,"Aggregate dissemination area",24660132,10,11.4,1010,143,"    Median employment income in 2020 for full-year full-time workers in 2020 ($)",14,76000,"",85000,"",63600,"",74248,"",79867,"",59159,"",77752,"",90133,"",68041,"",76000,"",85000,"",63600,"",74248,"",79867,"",59159,"",77752,"",90133,"",68041,""
2021,"2021S051624660133",24660133,"Aggregate dissemination area",24660133,4.1,6.6,0,143,"    Median employment income in 2020 for full-year full-time workers in 2020 ($)",14,113000,"",144000,"",99000,"",100208,"",117316,"",92604,"",125792,"",170684,"",105396,"",113000,"",144000,"",99000,"",100208,"",117316,"",92604,"",125792,"",170684,"",105396,""
2021,"2021S051624660135",24660135,"Aggregate dissemination area",24660135,3.3,4,0,143,"    Median employment income in 2020 for full-year full-time workers in 2020 ($)",14,60000,"",60400,"",60000,"",54745,"",52904,"",50956,"",65255,"",67896,"",69044,"",60000,"",60400,"",60000,"",54745,"",52904,"",50956,"",65255,"",67896,"",69044,""
2021,"2021S051624660136",24660136,"Aggregate dissemination area",24660136,2.5,2.5,0,143,"    Median employment income in 2020 for full-year full-time workers in 2020 ($)",14,58800,"",64000,"",53200,"",56539,"",56341,"",48515,"",61061,"",71659,"",57885,"",58800,"",64000,"",53200,"",56539,"",56341,"",48515,"",61061,"",71659,"",57885,""
2021,"2021S051624660138",24660138,"Aggregate dissemination area",24660138,2.1,4,0,143,"    Median employment income in 2020 for full-year full-time workers in 2020 ($)",14,56000,"",58800,"",52800,"",49604,"",51141,"",44815,"",62396,"",66459,"",60785,"",56000,"",58800,"",52800,"",49604,"",51141,"",44815,"",62396,"",66459,"",60785,""
2021,"2021S051624660139",24660139,"Aggregate dissemination area",24660139,4,5.5,0,143,"    Median employment income in 2020 for full-year full-time workers in 2020 ($)",14,67000,"",70000,"",63600,"",64433,"",66843,"",61930,"",69567,"",73157,"",65270,"",67000,"",70000,"",63600,"",64433,"",66843,"",61930,"",69567,"",73157,"",65270,""
2021,"2021S051624660140",24660140,"Aggregate dissemination area",24660140,4.6,5.4,0,143,"    Median employment income in 2020 for full-year full-time workers in 2020 ($)",14,65000,"",77500,"",58000,"",62820,"",71348,"",51319,"",67180,"",83652,"",64681,"",65000,"",77500,"",58000,"",62820,"",71348,"",51319,"",67180,"",83652,"",64681,""
2021,"2021S051624660141",24660141,"Aggregate dissemination area",24660141,2.5,2.5,0,143,"    Median employment income in 2020 for full-year full-time workers in 2020 ($)",14,54000,"",55600,"",54000,"",50945,"",47534,"",50374,"",57055,"",63666,"",57626,"",54000,"",55600,"",54000,"",50945,"",47534,"",50374,"",57055,"",63666,"",57626,""
2021,"2021S051624660142",24660142,"Aggregate dissemination area",24660142,3.6,3.7,0,143,"    Median employment income in 2020 for full-year full-time workers in 2020 ($)",14,44000,"",46000,"",43200,"",42472,"",40785,"",39289,"",45528,"",51215,"",47111,"",44000,"",46000,"",43200,"",42472,"",40785,"",39289,"",45528,"",51215,"",47111,""
2021,"2021S051624660143",24660143,"Aggregate dissemination area",24660143,7.5,7.8,0,143,"    Median employment income in 2020 for full-year full-time workers in 2020 ($)",14,82000,"",86000,"",76000,"",79698,"",80541,"",70541,"",84302,"",91459,"",81459,"",82000,"",86000,"",76000,"",79698,"",80541,"",70541,"",84302,"",91459,"",81459,""
2021,"2021S051624660144",24660144,"Aggregate dissemination area",24660144,2.3,2.7,0,143,"    Median employment income in 2020 for full-year full-time workers in 2020 ($)",14,69000,"",76500,"",65500,"",64763,"",67456,"",54989,"",73237,"",85544,"",76011,"",69000,"",76500,"",65500,"",64763,"",67456,"",54989,"",73237,"",85544,"",76011,""
2021,"2021S051624660145",24660145,"Aggregate dissemination area",24660145,3.7,4.1,0,143,"    Median employment income in 2020 for full-year full-time workers in 2020 ($)",14,1e+05,"",124000,"",83000,"",93074,"",108112,"",73956,"",106926,"",139888,"",92044,"",1e+05,"",124000,"",83000,"",93074,"",108112,"",73956,"",106926,"",139888,"",92044,""
2021,"2021S051624660146",24660146,"Aggregate dissemination area",24660146,6.9,8.9,0,143,"    Median employment income in 2020 for full-year full-time workers in 2020 ($)",14,57600,"",61200,"",52800,"",53893,"",55252,"",47911,"",61307,"",67148,"",57689,"",57600,"",61200,"",52800,"",53893,"",55252,"",47911,"",61307,"",67148,"",57689,""
2021,"2021S051624660147",24660147,"Aggregate dissemination area",24660147,5.6,6.1,0,143,"    Median employment income in 2020 for full-year full-time workers in 2020 ($)",14,44400,"",46400,"",43600,"",41426,"",43100,"",39282,"",47374,"",49700,"",47918,"",44400,"",46400,"",43600,"",41426,"",43100,"",39282,"",47374,"",49700,"",47918,""
2021,"2021S051624660148",24660148,"Aggregate dissemination area",24660148,2.4,2.7,0,143,"    Median employment income in 2020 for full-year full-time workers in 2020 ($)",14,72500,"",78500,"",65000,"",68426,"",71982,"",57260,"",76574,"",85018,"",72740,"",72500,"",78500,"",65000,"",68426,"",71982,"",57260,"",76574,"",85018,"",72740,""
2021,"2021S051624660149",24660149,"Aggregate dissemination area",24660149,13.8,15.3,1010,143,"    Median employment income in 2020 for full-year full-time workers in 2020 ($)",14,61600,"",67500,"",54400,"",59726,"",64159,"",49308,"",63474,"",70841,"",59492,"",61600,"",67500,"",54400,"",59726,"",64159,"",49308,"",63474,"",70841,"",59492,""
2021,"2021S051624660150",24660150,"Aggregate dissemination area",24660150,3,3.8,0,143,"    Median employment income in 2020 for full-year full-time workers in 2020 ($)",14,48800,"",49200,"",48400,"",46498,"",45208,"",43919,"",51102,"",53192,"",52881,"",48800,"",49200,"",48400,"",46498,"",45208,"",43919,"",51102,"",53192,"",52881,""
2021,"2021S051624660151",24660151,"Aggregate dissemination area",24660151,6,7.2,0,143,"    Median employment income in 2020 for full-year full-time workers in 2020 ($)",14,40400,"",40800,"",38400,"",38017,"",37948,"",33634,"",42783,"",43652,"",43166,"",40400,"",40800,"",38400,"",38017,"",37948,"",33634,"",42783,"",43652,"",43166,""
2021,"2021S051624660152",24660152,"Aggregate dissemination area",24660152,5.5,4.9,0,143,"    Median employment income in 2020 for full-year full-time workers in 2020 ($)",14,44000,"",44400,"",44000,"",42493,"",40693,"",40700,"",45507,"",48107,"",47300,"",44000,"",44400,"",44000,"",42493,"",40693,"",40700,"",45507,"",48107,"",47300,""
2021,"2021S051624660153",24660153,"Aggregate dissemination area",24660153,5.4,6.8,0,143,"    Median employment income in 2020 for full-year full-time workers in 2020 ($)",14,47600,"",48800,"",46400,"",44748,"",44115,"",42611,"",50452,"",53485,"",50189,"",47600,"",48800,"",46400,"",44748,"",44115,"",42611,"",50452,"",53485,"",50189,""
2021,"2021S051624660154",24660154,"Aggregate dissemination area",24660154,1.5,1.4,0,143,"    Median employment income in 2020 for full-year full-time workers in 2020 ($)",14,60000,"",64000,"",56800,"",56822,"",58785,"",52074,"",63178,"",69215,"",61526,"",60000,"",64000,"",56800,"",56822,"",58785,"",52074,"",63178,"",69215,"",61526,""
2021,"2021S051624660155",24660155,"Aggregate dissemination area",24660155,11.1,13.8,1010,143,"    Median employment income in 2020 for full-year full-time workers in 2020 ($)",14,59600,"",63200,"",55200,"",56382,"",58800,"",51126,"",62818,"",67600,"",59274,"",59600,"",63200,"",55200,"",56382,"",58800,"",51126,"",62818,"",67600,"",59274,""
2021,"2021S051624660157",24660157,"Aggregate dissemination area",24660157,2.7,3,0,143,"    Median employment income in 2020 for full-year full-time workers in 2020 ($)",14,56800,"",58800,"",54800,"",54356,"",53871,"",49871,"",59244,"",63729,"",59729,"",56800,"",58800,"",54800,"",54356,"",53871,"",49871,"",59244,"",63729,"",59729,""
2021,"2021S051624660158",24660158,"Aggregate dissemination area",24660158,6.2,7.2,0,143,"    Median employment income in 2020 for full-year full-time workers in 2020 ($)",14,79000,"",84000,"",71000,"",77411,"",80924,"",66763,"",80589,"",87076,"",75237,"",79000,"",84000,"",71000,"",77411,"",80924,"",66763,"",80589,"",87076,"",75237,""
2021,"2021S051624660159",24660159,"Aggregate dissemination area",24660159,3.4,3.7,0,143,"    Median employment income in 2020 for full-year full-time workers in 2020 ($)",14,36800,"",38400,"",33200,"",34376,"",35854,"",30145,"",39224,"",40946,"",36255,"",36800,"",38400,"",33200,"",34376,"",35854,"",30145,"",39224,"",40946,"",36255,""
2021,"2021S051624660160",24660160,"Aggregate dissemination area",24660160,3.7,3.9,0,143,"    Median employment income in 2020 for full-year full-time workers in 2020 ($)",14,38400,"",38800,"",36000,"",36485,"",37232,"",33678,"",40315,"",40368,"",38322,"",38400,"",38800,"",36000,"",36485,"",37232,"",33678,"",40315,"",40368,"",38322,""
2021,"2021S051624660161",24660161,"Aggregate dissemination area",24660161,4.7,6.3,0,143,"    Median employment income in 2020 for full-year full-time workers in 2020 ($)",14,92000,"",138000,"",74500,"",82875,"",121806,"",65863,"",101125,"",154194,"",83137,"",92000,"",138000,"",74500,"",82875,"",121806,"",65863,"",101125,"",154194,"",83137,""
2021,"2021S051624660162",24660162,"Aggregate dissemination area",24660162,4.7,6.6,0,143,"    Median employment income in 2020 for full-year full-time workers in 2020 ($)",14,58400,"",60000,"",57200,"",55732,"",52911,"",53330,"",61068,"",67089,"",61070,"",58400,"",60000,"",57200,"",55732,"",52911,"",53330,"",61068,"",67089,"",61070,""
2021,"2021S051624660163",24660163,"Aggregate dissemination area",24660163,2.6,2.4,0,143,"    Median employment income in 2020 for full-year full-time workers in 2020 ($)",14,59200,"",66500,"",56400,"",56817,"",60634,"",53854,"",61583,"",72366,"",58946,"",59200,"",66500,"",56400,"",56817,"",60634,"",53854,"",61583,"",72366,"",58946,""
2021,"2021S051624660164",24660164,"Aggregate dissemination area",24660164,3.9,2.8,0,143,"    Median employment income in 2020 for full-year full-time workers in 2020 ($)",14,76000,"",86000,"",68000,"",71926,"",79971,"",62663,"",80074,"",92029,"",73337,"",76000,"",86000,"",68000,"",71926,"",79971,"",62663,"",80074,"",92029,"",73337,""
2021,"2021S051624660165",24660165,"Aggregate dissemination area",24660165,4.5,5.7,0,143,"    Median employment income in 2020 for full-year full-time workers in 2020 ($)",14,54400,"",59200,"",49600,"",52607,"",55248,"",46606,"",56193,"",63152,"",52594,"",54400,"",59200,"",49600,"",52607,"",55248,"",46606,"",56193,"",63152,"",52594,""
2021,"2021S051624660166",24660166,"Aggregate dissemination area",24660166,4.1,5.4,0,143,"    Median employment income in 2020 for full-year full-time workers in 2020 ($)",14,52000,"",54000,"",48800,"",48211,"",47482,"",43463,"",55789,"",60518,"",54137,"",52000,"",54000,"",48800,"",48211,"",47482,"",43463,"",55789,"",60518,"",54137,""
2021,"2021S051624660168",24660168,"Aggregate dissemination area",24660168,3.7,5.8,0,143,"    Median employment income in 2020 for full-year full-time workers in 2020 ($)",14,88000,"",98000,"",82000,"",85372,"",86675,"",68353,"",90628,"",109325,"",95647,"",88000,"",98000,"",82000,"",85372,"",86675,"",68353,"",90628,"",109325,"",95647,""
2021,"2021S051624660170",24660170,"Aggregate dissemination area",24660170,2.7,4.3,0,143,"    Median employment income in 2020 for full-year full-time workers in 2020 ($)",14,136000,"",176000,"",88000,"",125245,"",143002,"",75860,"",146755,"",208998,"",100140,"",136000,"",176000,"",88000,"",125245,"",143002,"",75860,"",146755,"",208998,"",100140,""
2021,"2021S051624660171",24660171,"Aggregate dissemination area",24660171,3.6,3.9,0,143,"    Median employment income in 2020 for full-year full-time workers in 2020 ($)",14,68500,"",70500,"",65000,"",66463,"",66915,"",61761,"",70537,"",74085,"",68239,"",68500,"",70500,"",65000,"",66463,"",66915,"",61761,"",70537,"",74085,"",68239,""
2021,"2021S051624660172",24660172,"Aggregate dissemination area",24660172,2.9,3.1,0,143,"    Median employment income in 2020 for full-year full-time workers in 2020 ($)",14,61200,"",64500,"",52800,"",57534,"",60100,"",47504,"",64866,"",68900,"",58096,"",61200,"",64500,"",52800,"",57534,"",60100,"",47504,"",64866,"",68900,"",58096,""
2021,"2021S051624660173",24660173,"Aggregate dissemination area",24660173,4.8,5.8,0,143,"    Median employment income in 2020 for full-year full-time workers in 2020 ($)",14,62000,"",71000,"",54800,"",59108,"",64482,"",50889,"",64892,"",77518,"",58711,"",62000,"",71000,"",54800,"",59108,"",64482,"",50889,"",64892,"",77518,"",58711,""
2021,"2021S051624660174",24660174,"Aggregate dissemination area",24660174,4.3,5.6,0,143,"    Median employment income in 2020 for full-year full-time workers in 2020 ($)",14,44800,"",49200,"",41200,"",42804,"",46491,"",38837,"",46796,"",51909,"",43563,"",44800,"",49200,"",41200,"",42804,"",46491,"",38837,"",46796,"",51909,"",43563,""
2021,"2021S051624660175",24660175,"Aggregate dissemination area",24660175,3.8,8.8,0,143,"    Median employment income in 2020 for full-year full-time workers in 2020 ($)",14,61200,"",68500,"",54400,"",57859,"",60026,"",50815,"",64541,"",76974,"",57985,"",61200,"",68500,"",54400,"",57859,"",60026,"",50815,"",64541,"",76974,"",57985,""
2021,"2021S051624660176",24660176,"Aggregate dissemination area",24660176,7.5,7.5,0,143,"    Median employment income in 2020 for full-year full-time workers in 2020 ($)",14,73000,"",87000,"",61200,"",51409,"",68057,"",35331,"",94591,"",105943,"",87069,"",73000,"",87000,"",61200,"",51409,"",68057,"",35331,"",94591,"",105943,"",87069,""
2021,"2021S051624660177",24660177,"Aggregate dissemination area",24660177,4.3,4,0,143,"    Median employment income in 2020 for full-year full-time workers in 2020 ($)",14,51200,"",51600,"",51200,"",48898,"",47119,"",48104,"",53502,"",56081,"",54296,"",51200,"",51600,"",51200,"",48898,"",47119,"",48104,"",53502,"",56081,"",54296,""
2021,"2021S051624660178",24660178,"Aggregate dissemination area",24660178,3.8,4.3,0,143,"    Median employment income in 2020 for full-year full-time workers in 2020 ($)",14,60800,"",65500,"",56000,"",57846,"",60041,"",52496,"",63754,"",70959,"",59504,"",60800,"",65500,"",56000,"",57846,"",60041,"",52496,"",63754,"",70959,"",59504,""
2021,"2021S051624660179",24660179,"Aggregate dissemination area",24660179,3.9,5.6,0,143,"    Median employment income in 2020 for full-year full-time workers in 2020 ($)",14,71500,"",74500,"",66500,"",67059,"",69774,"",62385,"",75941,"",79226,"",70615,"",71500,"",74500,"",66500,"",67059,"",69774,"",62385,"",75941,"",79226,"",70615,""
2021,"2021S051624660180",24660180,"Aggregate dissemination area",24660180,2.5,1.9,0,143,"    Median employment income in 2020 for full-year full-time workers in 2020 ($)",14,90000,"",119000,"",64500,"",85478,"",105149,"",55456,"",94522,"",132851,"",73544,"",90000,"",119000,"",64500,"",85478,"",105149,"",55456,"",94522,"",132851,"",73544,""
2021,"2021S051624660181",24660181,"Aggregate dissemination area",24660181,2,2.6,0,143,"    Median employment income in 2020 for full-year full-time workers in 2020 ($)",14,53600,"",59200,"",49600,"",51706,"",54719,"",47543,"",55494,"",63681,"",51657,"",53600,"",59200,"",49600,"",51706,"",54719,"",47543,"",55494,"",63681,"",51657,""
2021,"2021S051624660182",24660182,"Aggregate dissemination area",24660182,4.3,7.1,0,143,"    Median employment income in 2020 for full-year full-time workers in 2020 ($)",14,52000,"",51600,"",52000,"",50106,"",49176,"",48171,"",53894,"",54024,"",55829,"",52000,"",51600,"",52000,"",50106,"",49176,"",48171,"",53894,"",54024,"",55829,""
2021,"2021S051624660183",24660183,"Aggregate dissemination area",24660183,2.2,0.8,0,143,"    Median employment income in 2020 for full-year full-time workers in 2020 ($)",14,64500,"",64500,"",62800,"",53338,"",47593,"",51882,"",75662,"",81407,"",73718,"",64500,"",64500,"",62800,"",53338,"",47593,"",51882,"",75662,"",81407,"",73718,""
2021,"2021S051624660184",24660184,"Aggregate dissemination area",24660184,3.9,5.9,0,143,"    Median employment income in 2020 for full-year full-time workers in 2020 ($)",14,58800,"",63200,"",58000,"",57211,"",55704,"",54985,"",60389,"",70696,"",61015,"",58800,"",63200,"",58000,"",57211,"",55704,"",54985,"",60389,"",70696,"",61015,""
2021,"2021S051624660185",24660185,"Aggregate dissemination area",24660185,3.1,3.7,0,143,"    Median employment income in 2020 for full-year full-time workers in 2020 ($)",14,48800,"",47600,"",49600,"",47007,"",44422,"",46871,"",50593,"",50778,"",52329,"",48800,"",47600,"",49600,"",47007,"",44422,"",46871,"",50593,"",50778,"",52329,""
2021,"2021S051624660186",24660186,"Aggregate dissemination area",24660186,3.5,5.2,0,143,"    Median employment income in 2020 for full-year full-time workers in 2020 ($)",14,93000,"",110000,"",82000,"",89334,"",101119,"",76256,"",96666,"",118881,"",87744,"",93000,"",110000,"",82000,"",89334,"",101119,"",76256,"",96666,"",118881,"",87744,""
2021,"2021S051624660187",24660187,"Aggregate dissemination area",24660187,0.9,0.9,0,143,"    Median employment income in 2020 for full-year full-time workers in 2020 ($)",14,69000,"",73500,"",63200,"",65252,"",67797,"",59534,"",72748,"",79203,"",66866,"",69000,"",73500,"",63200,"",65252,"",67797,"",59534,"",72748,"",79203,"",66866,""
2021,"2021S051624660189",24660189,"Aggregate dissemination area",24660189,1.8,2.3,0,143,"    Median employment income in 2020 for full-year full-time workers in 2020 ($)",14,57600,"",62400,"",53600,"",56225,"",57756,"",50137,"",58975,"",67044,"",57063,"",57600,"",62400,"",53600,"",56225,"",57756,"",50137,"",58975,"",67044,"",57063,""
2021,"2021S051624660190",24660190,"Aggregate dissemination area",24660190,3.7,4,0,143,"    Median employment income in 2020 for full-year full-time workers in 2020 ($)",14,58000,"",63600,"",53600,"",56737,"",60972,"",51156,"",59263,"",66228,"",56044,"",58000,"",63600,"",53600,"",56737,"",60972,"",51156,"",59263,"",66228,"",56044,""
2021,"2021S051624660191",24660191,"Aggregate dissemination area",24660191,3.1,3.1,0,143,"    Median employment income in 2020 for full-year full-time workers in 2020 ($)",14,88000,"",94000,"",81000,"",85474,"",87563,"",78108,"",90526,"",100437,"",83892,"",88000,"",94000,"",81000,"",85474,"",87563,"",78108,"",90526,"",100437,"",83892,""
2021,"2021S051624660192",24660192,"Aggregate dissemination area",24660192,3.3,4.6,0,143,"    Median employment income in 2020 for full-year full-time workers in 2020 ($)",14,60800,"",68000,"",49600,"",55585,"",59200,"",44263,"",66015,"",76800,"",54937,"",60800,"",68000,"",49600,"",55585,"",59200,"",44263,"",66015,"",76800,"",54937,""
2021,"2021S051624660193",24660193,"Aggregate dissemination area",24660193,3.2,3.8,0,143,"    Median employment income in 2020 for full-year full-time workers in 2020 ($)",14,60000,"",62800,"",56800,"",58085,"",59643,"",54213,"",61915,"",65957,"",59387,"",60000,"",62800,"",56800,"",58085,"",59643,"",54213,"",61915,"",65957,"",59387,""
2021,"2021S051624660194",24660194,"Aggregate dissemination area",24660194,2.6,3,0,143,"    Median employment income in 2020 for full-year full-time workers in 2020 ($)",14,59600,"",68000,"",53200,"",54671,"",60667,"",48434,"",64529,"",75333,"",57966,"",59600,"",68000,"",53200,"",54671,"",60667,"",48434,"",64529,"",75333,"",57966,""
2021,"2021S051624660195",24660195,"Aggregate dissemination area",24660195,3.1,3.7,0,143,"    Median employment income in 2020 for full-year full-time workers in 2020 ($)",14,57200,"",61200,"",54800,"",55265,"",58532,"",51052,"",59135,"",63868,"",58548,"",57200,"",61200,"",54800,"",55265,"",58532,"",51052,"",59135,"",63868,"",58548,""
2021,"2021S051624660196",24660196,"Aggregate dissemination area",24660196,4,4.6,0,143,"    Median employment income in 2020 for full-year full-time workers in 2020 ($)",14,52400,"",54800,"",50000,"",51858,"",52661,"",46456,"",52942,"",56939,"",53544,"",52400,"",54800,"",50000,"",51858,"",52661,"",46456,"",52942,"",56939,"",53544,""
2021,"2021S051624660197",24660197,"Aggregate dissemination area",24660197,3.2,3.8,0,143,"    Median employment income in 2020 for full-year full-time workers in 2020 ($)",14,54800,"",60400,"",51600,"",51683,"",55552,"",48219,"",57917,"",65248,"",54981,"",54800,"",60400,"",51600,"",51683,"",55552,"",48219,"",57917,"",65248,"",54981,""
2021,"2021S051624660198",24660198,"Aggregate dissemination area",24660198,3.7,4,0,143,"    Median employment income in 2020 for full-year full-time workers in 2020 ($)",14,55600,"",60800,"",49600,"",53767,"",57215,"",46178,"",57433,"",64385,"",53022,"",55600,"",60800,"",49600,"",53767,"",57215,"",46178,"",57433,"",64385,"",53022,""
2021,"2021S051624660199",24660199,"Aggregate dissemination area",24660199,1.9,3.6,0,143,"    Median employment income in 2020 for full-year full-time workers in 2020 ($)",14,67000,"",74000,"",62000,"",64352,"",70782,"",58334,"",69648,"",77218,"",65666,"",67000,"",74000,"",62000,"",64352,"",70782,"",58334,"",69648,"",77218,"",65666,""
2021,"2021S051624660200",24660200,"Aggregate dissemination area",24660200,1.5,2.4,0,143,"    Median employment income in 2020 for full-year full-time workers in 2020 ($)",14,50400,"",53600,"",47200,"",46937,"",48956,"",44878,"",53863,"",58244,"",49522,"",50400,"",53600,"",47200,"",46937,"",48956,"",44878,"",53863,"",58244,"",49522,""
2021,"2021S051624660201",24660201,"Aggregate dissemination area",24660201,2,2.3,0,143,"    Median employment income in 2020 for full-year full-time workers in 2020 ($)",14,52800,"",54400,"",50800,"",50559,"",51385,"",47969,"",55041,"",57415,"",53631,"",52800,"",54400,"",50800,"",50559,"",51385,"",47969,"",55041,"",57415,"",53631,""
2021,"2021S051624660202",24660202,"Aggregate dissemination area",24660202,1.4,1.2,0,143,"    Median employment income in 2020 for full-year full-time workers in 2020 ($)",14,66500,"",72500,"",60000,"",63893,"",68182,"",56578,"",69107,"",76818,"",63422,"",66500,"",72500,"",60000,"",63893,"",68182,"",56578,"",69107,"",76818,"",63422,""
2021,"2021S051624660203",24660203,"Aggregate dissemination area",24660203,3.6,5.2,0,143,"    Median employment income in 2020 for full-year full-time workers in 2020 ($)",14,62800,"",65000,"",59200,"",59704,"",59093,"",52845,"",65896,"",70907,"",65555,"",62800,"",65000,"",59200,"",59704,"",59093,"",52845,"",65896,"",70907,"",65555,""
2021,"2021S051624660204",24660204,"Aggregate dissemination area",24660204,2.4,2.5,0,143,"    Median employment income in 2020 for full-year full-time workers in 2020 ($)",14,50400,"",55200,"",48000,"",46896,"",51941,"",44659,"",53904,"",58459,"",51341,"",50400,"",55200,"",48000,"",46896,"",51941,"",44659,"",53904,"",58459,"",51341,""
2021,"2021S051624660205",24660205,"Aggregate dissemination area",24660205,3.4,3.7,0,143,"    Median employment income in 2020 for full-year full-time workers in 2020 ($)",14,58000,"",56800,"",58400,"",55413,"",52971,"",54122,"",60587,"",60629,"",62678,"",58000,"",56800,"",58400,"",55413,"",52971,"",54122,"",60587,"",60629,"",62678,""
2021,"2021S051624660206",24660206,"Aggregate dissemination area",24660206,1.3,0.9,0,143,"    Median employment income in 2020 for full-year full-time workers in 2020 ($)",14,64500,"",74000,"",55200,"",61872,"",68663,"",49293,"",67128,"",79337,"",61107,"",64500,"",74000,"",55200,"",61872,"",68663,"",49293,"",67128,"",79337,"",61107,""
2021,"2021S051624660207",24660207,"Aggregate dissemination area",24660207,1.2,1.1,0,143,"    Median employment income in 2020 for full-year full-time workers in 2020 ($)",14,64500,"",69500,"",60800,"",60671,"",64571,"",57541,"",68329,"",74429,"",64059,"",64500,"",69500,"",60800,"",60671,"",64571,"",57541,"",68329,"",74429,"",64059,""
2021,"2021S051624660208",24660208,"Aggregate dissemination area",24660208,3.5,3.1,0,143,"    Median employment income in 2020 for full-year full-time workers in 2020 ($)",14,52000,"",52800,"",50800,"",48659,"",45304,"",45056,"",55341,"",60296,"",56544,"",52000,"",52800,"",50800,"",48659,"",45304,"",45056,"",55341,"",60296,"",56544,""
2021,"2021S051624660209",24660209,"Aggregate dissemination area",24660209,4.3,5.3,0,143,"    Median employment income in 2020 for full-year full-time workers in 2020 ($)",14,63600,"",69000,"",58800,"",61828,"",62848,"",52811,"",65372,"",75152,"",64789,"",63600,"",69000,"",58800,"",61828,"",62848,"",52811,"",65372,"",75152,"",64789,""
2021,"2021S051624660210",24660210,"Aggregate dissemination area",24660210,4.6,5.8,0,143,"    Median employment income in 2020 for full-year full-time workers in 2020 ($)",14,47200,"",48400,"",45600,"",45652,"",45426,"",42015,"",48748,"",51374,"",49185,"",47200,"",48400,"",45600,"",45652,"",45426,"",42015,"",48748,"",51374,"",49185,""
2021,"2021S051624660211",24660211,"Aggregate dissemination area",24660211,2.9,3.2,0,143,"    Median employment income in 2020 for full-year full-time workers in 2020 ($)",14,55600,"",57200,"",52800,"",53848,"",52148,"",50335,"",57352,"",62252,"",55265,"",55600,"",57200,"",52800,"",53848,"",52148,"",50335,"",57352,"",62252,"",55265,""
2021,"2021S051624660212",24660212,"Aggregate dissemination area",24660212,1.3,1.1,0,143,"    Median employment income in 2020 for full-year full-time workers in 2020 ($)",14,69500,"",76500,"",58400,"",64611,"",73037,"",53919,"",74389,"",79963,"",62881,"",69500,"",76500,"",58400,"",64611,"",73037,"",53919,"",74389,"",79963,"",62881,""
2021,"2021S051624660213",24660213,"Aggregate dissemination area",24660213,2.9,3.4,0,143,"    Median employment income in 2020 for full-year full-time workers in 2020 ($)",14,57200,"",60000,"",52400,"",55509,"",55885,"",47634,"",58891,"",64115,"",57166,"",57200,"",60000,"",52400,"",55509,"",55885,"",47634,"",58891,"",64115,"",57166,""
2021,"2021S051624660214",24660214,"Aggregate dissemination area",24660214,2.8,3.1,0,143,"    Median employment income in 2020 for full-year full-time workers in 2020 ($)",14,70000,"",78000,"",63600,"",65885,"",72174,"",54556,"",74115,"",83826,"",72644,"",70000,"",78000,"",63600,"",65885,"",72174,"",54556,"",74115,"",83826,"",72644,""
2021,"2021S051624660215",24660215,"Aggregate dissemination area",24660215,2.2,2.5,0,143,"    Median employment income in 2020 for full-year full-time workers in 2020 ($)",14,68000,"",71500,"",65000,"",66187,"",66489,"",60722,"",69813,"",76511,"",69278,"",68000,"",71500,"",65000,"",66187,"",66489,"",60722,"",69813,"",76511,"",69278,""
2021,"2021S051624660216",24660216,"Aggregate dissemination area",24660216,1,1.4,0,143,"    Median employment income in 2020 for full-year full-time workers in 2020 ($)",14,74000,"",88000,"",60400,"",70537,"",83600,"",55430,"",77463,"",92400,"",65370,"",74000,"",88000,"",60400,"",70537,"",83600,"",55430,"",77463,"",92400,"",65370,""
2021,"2021S051624660217",24660217,"Aggregate dissemination area",24660217,2.3,3.5,0,143,"    Median employment income in 2020 for full-year full-time workers in 2020 ($)",14,70500,"",74000,"",68000,"",67791,"",69682,"",62867,"",73209,"",78318,"",73133,"",70500,"",74000,"",68000,"",67791,"",69682,"",62867,"",73209,"",78318,"",73133,""
2021,"2021S051624660218",24660218,"Aggregate dissemination area",24660218,3.1,3.8,0,143,"    Median employment income in 2020 for full-year full-time workers in 2020 ($)",14,60000,"",62400,"",58400,"",57617,"",56045,"",54163,"",62383,"",68755,"",62637,"",60000,"",62400,"",58400,"",57617,"",56045,"",54163,"",62383,"",68755,"",62637,""
2021,"2021S051624660219",24660219,"Aggregate dissemination area",24660219,2.8,4,0,143,"    Median employment income in 2020 for full-year full-time workers in 2020 ($)",14,99000,"",122000,"",89000,"",86290,"",113771,"",84152,"",111710,"",130229,"",93848,"",99000,"",122000,"",89000,"",86290,"",113771,"",84152,"",111710,"",130229,"",93848,""
2021,"2021S051624660221",24660221,"Aggregate dissemination area",24660221,4,5.2,0,143,"    Median employment income in 2020 for full-year full-time workers in 2020 ($)",14,49600,"",51600,"",47200,"",47522,"",46915,"",43819,"",51678,"",56285,"",50581,"",49600,"",51600,"",47200,"",47522,"",46915,"",43819,"",51678,"",56285,"",50581,""
2021,"2021S051624660222",24660222,"Aggregate dissemination area",24660222,1.4,1.7,0,143,"    Median employment income in 2020 for full-year full-time workers in 2020 ($)",14,60800,"",65500,"",57600,"",58906,"",60611,"",52834,"",62694,"",70389,"",62366,"",60800,"",65500,"",57600,"",58906,"",60611,"",52834,"",62694,"",70389,"",62366,""
2021,"2021S051624660223",24660223,"Aggregate dissemination area",24660223,1.6,1.7,0,143,"    Median employment income in 2020 for full-year full-time workers in 2020 ($)",14,68500,"",76000,"",61600,"",66707,"",72130,"",56874,"",70293,"",79870,"",66326,"",68500,"",76000,"",61600,"",66707,"",72130,"",56874,"",70293,"",79870,"",66326,""
2021,"2021S051624660224",24660224,"Aggregate dissemination area",24660224,2.1,3.2,0,143,"    Median employment income in 2020 for full-year full-time workers in 2020 ($)",14,60400,"",61600,"",58800,"",58852,"",57119,"",55928,"",61948,"",66081,"",61672,"",60400,"",61600,"",58800,"",58852,"",57119,"",55928,"",61948,"",66081,"",61672,""
2021,"2021S051624660225",24660225,"Aggregate dissemination area",24660225,4.7,5.8,0,143,"    Median employment income in 2020 for full-year full-time workers in 2020 ($)",14,55200,"",57600,"",52800,"",53754,"",54300,"",50661,"",56646,"",60900,"",54939,"",55200,"",57600,"",52800,"",53754,"",54300,"",50661,"",56646,"",60900,"",54939,""
2021,"2021S051624660226",24660226,"Aggregate dissemination area",24660226,2.9,3,0,143,"    Median employment income in 2020 for full-year full-time workers in 2020 ($)",14,56000,"",58000,"",54800,"",54045,"",54252,"",51378,"",57955,"",61748,"",58222,"",56000,"",58000,"",54800,"",54045,"",54252,"",51378,"",57955,"",61748,"",58222,""
2021,"2021S051624660227",24660227,"Aggregate dissemination area",24660227,1.8,2.3,0,143,"    Median employment income in 2020 for full-year full-time workers in 2020 ($)",14,66500,"",79500,"",59200,"",63261,"",74041,"",53334,"",69739,"",84959,"",65066,"",66500,"",79500,"",59200,"",63261,"",74041,"",53334,"",69739,"",84959,"",65066,""
2021,"2021S051624660228",24660228,"Aggregate dissemination area",24660228,2.4,4,0,143,"    Median employment income in 2020 for full-year full-time workers in 2020 ($)",14,56400,"",59200,"",52400,"",53243,"",54271,"",48082,"",59557,"",64129,"",56718,"",56400,"",59200,"",52400,"",53243,"",54271,"",48082,"",59557,"",64129,"",56718,""
2021,"2021S051624660229",24660229,"Aggregate dissemination area",24660229,3.9,5.2,0,143,"    Median employment income in 2020 for full-year full-time workers in 2020 ($)",14,49600,"",51200,"",46400,"",46545,"",49326,"",44322,"",52655,"",53074,"",48478,"",49600,"",51200,"",46400,"",46545,"",49326,"",44322,"",52655,"",53074,"",48478,""
2021,"2021S051624660230",24660230,"Aggregate dissemination area",24660230,2.9,7.6,0,143,"    Median employment income in 2020 for full-year full-time workers in 2020 ($)",14,52000,"",53600,"",49600,"",50350,"",47000,"",45974,"",53650,"",60200,"",53226,"",52000,"",53600,"",49600,"",50350,"",47000,"",45974,"",53650,"",60200,"",53226,""
2021,"2021S051624660231",24660231,"Aggregate dissemination area",24660231,2.3,2.9,0,143,"    Median employment income in 2020 for full-year full-time workers in 2020 ($)",14,56400,"",60400,"",52000,"",53528,"",56571,"",47967,"",59272,"",64229,"",56033,"",56400,"",60400,"",52000,"",53528,"",56571,"",47967,"",59272,"",64229,"",56033,""
2021,"2021S051624660232",24660232,"Aggregate dissemination area",24660232,2.4,3.5,0,143,"    Median employment income in 2020 for full-year full-time workers in 2020 ($)",14,48000,"",48000,"",48400,"",45759,"",44578,"",44367,"",50241,"",51422,"",52433,"",48000,"",48000,"",48400,"",45759,"",44578,"",44367,"",50241,"",51422,"",52433,""
2021,"2021S051624660233",24660233,"Aggregate dissemination area",24660233,2.1,2.4,0,143,"    Median employment income in 2020 for full-year full-time workers in 2020 ($)",14,76000,"",81000,"",68000,"",73759,"",77334,"",60911,"",78241,"",84666,"",75089,"",76000,"",81000,"",68000,"",73759,"",77334,"",60911,"",78241,"",84666,"",75089,""
2021,"2021S051624660234",24660234,"Aggregate dissemination area",24660234,0.9,1.9,0,143,"    Median employment income in 2020 for full-year full-time workers in 2020 ($)",14,57600,"",60000,"",54400,"",55461,"",57698,"",51630,"",59739,"",62302,"",57170,"",57600,"",60000,"",54400,"",55461,"",57698,"",51630,"",59739,"",62302,"",57170,""
2021,"2021S051624660235",24660235,"Aggregate dissemination area",24660235,3.3,4.4,0,143,"    Median employment income in 2020 for full-year full-time workers in 2020 ($)",14,54800,"",58000,"",53200,"",52804,"",53763,"",50491,"",56796,"",62237,"",55909,"",54800,"",58000,"",53200,"",52804,"",53763,"",50491,"",56796,"",62237,"",55909,""
2021,"2021S051624660236",24660236,"Aggregate dissemination area",24660236,2.6,2.8,0,143,"    Median employment income in 2020 for full-year full-time workers in 2020 ($)",14,64000,"",67000,"",60400,"",61474,"",63945,"",54819,"",66526,"",70055,"",65981,"",64000,"",67000,"",60400,"",61474,"",63945,"",54819,"",66526,"",70055,"",65981,""
2021,"2021S051624660237",24660237,"Aggregate dissemination area",24660237,2.6,2.5,0,143,"    Median employment income in 2020 for full-year full-time workers in 2020 ($)",14,59200,"",65500,"",55600,"",56796,"",59756,"",51934,"",61604,"",71244,"",59266,"",59200,"",65500,"",55600,"",56796,"",59756,"",51934,"",61604,"",71244,"",59266,""
2021,"2021S051624660238",24660238,"Aggregate dissemination area",24660238,3.8,3.5,0,143,"    Median employment income in 2020 for full-year full-time workers in 2020 ($)",14,50400,"",52400,"",48000,"",48017,"",48367,"",44496,"",52783,"",56433,"",51504,"",50400,"",52400,"",48000,"",48017,"",48367,"",44496,"",52783,"",56433,"",51504,""
2021,"2021S051624660239",24660239,"Aggregate dissemination area",24660239,2.1,3,0,143,"    Median employment income in 2020 for full-year full-time workers in 2020 ($)",14,61600,"",63200,"",60400,"",59461,"",53830,"",56408,"",63739,"",72570,"",64392,"",61600,"",63200,"",60400,"",59461,"",53830,"",56408,"",63739,"",72570,"",64392,""
2021,"2021S051624660240",24660240,"Aggregate dissemination area",24660240,3,4.3,0,143,"    Median employment income in 2020 for full-year full-time workers in 2020 ($)",14,75000,"",82000,"",66500,"",69785,"",74178,"",60226,"",80215,"",89822,"",72774,"",75000,"",82000,"",66500,"",69785,"",74178,"",60226,"",80215,"",89822,"",72774,""
2021,"2021S051624660241",24660241,"Aggregate dissemination area",24660241,0.8,0.5,0,143,"    Median employment income in 2020 for full-year full-time workers in 2020 ($)",14,79000,"",91000,"",66500,"",75374,"",85663,"",59249,"",82626,"",96337,"",73751,"",79000,"",91000,"",66500,"",75374,"",85663,"",59249,"",82626,"",96337,"",73751,""
2021,"2021S051624660242",24660242,"Aggregate dissemination area",24660242,2.9,3.8,0,143,"    Median employment income in 2020 for full-year full-time workers in 2020 ($)",14,73000,"",78500,"",63200,"",69700,"",73978,"",53341,"",76300,"",83022,"",73059,"",73000,"",78500,"",63200,"",69700,"",73978,"",53341,"",76300,"",83022,"",73059,""
2021,"2021S051624660243",24660243,"Aggregate dissemination area",24660243,1.3,2.6,0,143,"    Median employment income in 2020 for full-year full-time workers in 2020 ($)",14,69500,"",78500,"",66000,"",68555,"",73652,"",63108,"",70445,"",83348,"",68892,"",69500,"",78500,"",66000,"",68555,"",73652,"",63108,"",70445,"",83348,"",68892,""
2021,"2021S051624660244",24660244,"Aggregate dissemination area",24660244,1.1,1.6,0,143,"    Median employment income in 2020 for full-year full-time workers in 2020 ($)",14,58000,"",63200,"",52000,"",56106,"",58759,"",48537,"",59894,"",67641,"",55463,"",58000,"",63200,"",52000,"",56106,"",58759,"",48537,"",59894,"",67641,"",55463,""
2021,"2021S051624660245",24660245,"Aggregate dissemination area",24660245,1.7,2.8,0,143,"    Median employment income in 2020 for full-year full-time workers in 2020 ($)",14,87000,"",93000,"",78000,"",84311,"",87663,"",70667,"",89689,"",98337,"",85333,"",87000,"",93000,"",78000,"",84311,"",87663,"",70667,"",89689,"",98337,"",85333,""
2021,"2021S051624660246",24660246,"Aggregate dissemination area",24660246,1.3,1.7,0,143,"    Median employment income in 2020 for full-year full-time workers in 2020 ($)",14,86000,"",93000,"",73500,"",81641,"",85504,"",63886,"",90359,"",100496,"",83114,"",86000,"",93000,"",73500,"",81641,"",85504,"",63886,"",90359,"",100496,"",83114,""
2021,"2021S051624660247",24660247,"Aggregate dissemination area",24660247,72,66.7,9999,143,"    Median employment income in 2020 for full-year full-time workers in 2020 ($)",14,NA,"x",NA,"x",NA,"x",NA,"x",NA,"x",NA,"x",NA,"x",NA,"x",NA,"x",NA,"x",NA,"x",NA,"x",NA,"x",NA,"x",NA,"x",NA,"x",NA,"x",NA,"x"
2021,"2021S051624660248",24660248,"Aggregate dissemination area",24660248,1.2,1.7,0,143,"    Median employment income in 2020 for full-year full-time workers in 2020 ($)",14,89000,"",102000,"",82000,"",84926,"",96582,"",77478,"",93074,"",107418,"",86522,"",89000,"",102000,"",82000,"",84926,"",96582,"",77478,"",93074,"",107418,"",86522,""
2021,"2021S051624660249",24660249,"Aggregate dissemination area",24660249,0.6,0.8,0,143,"    Median employment income in 2020 for full-year full-time workers in 2020 ($)",14,92000,"",112000,"",77000,"",85645,"",102793,"",66001,"",98355,"",121207,"",87999,"",92000,"",112000,"",77000,"",85645,"",102793,"",66001,"",98355,"",121207,"",87999,""
2021,"2021S051624660250",24660250,"Aggregate dissemination area",24660250,0.9,0.4,0,143,"    Median employment income in 2020 for full-year full-time workers in 2020 ($)",14,98000,"",111000,"",82000,"",92582,"",105785,"",75156,"",103418,"",116215,"",88844,"",98000,"",111000,"",82000,"",92582,"",105785,"",75156,"",103418,"",116215,"",88844,""
2021,"2021S051624660251",24660251,"Aggregate dissemination area",24660251,0.6,0.6,0,143,"    Median employment income in 2020 for full-year full-time workers in 2020 ($)",14,98000,"",113000,"",84000,"",93071,"",106563,"",78174,"",102929,"",119437,"",89826,"",98000,"",113000,"",84000,"",93071,"",106563,"",78174,"",102929,"",119437,"",89826,""
2021,"2021S051624660252",24660252,"Aggregate dissemination area",24660252,4.5,7,0,143,"    Median employment income in 2020 for full-year full-time workers in 2020 ($)",14,67500,"",75000,"",63600,"",61837,"",66445,"",58222,"",73163,"",83555,"",68978,"",67500,"",75000,"",63600,"",61837,"",66445,"",58222,"",73163,"",83555,"",68978,""
2021,"2021S051624660253",24660253,"Aggregate dissemination area",24660253,2.8,6,0,143,"    Median employment income in 2020 for full-year full-time workers in 2020 ($)",14,92000,"",92000,"",95000,"",72038,"",2375,"",74834,"",111962,"",181625,"",115166,"",92000,"",92000,"",95000,"",72038,"",2375,"",74834,"",111962,"",181625,"",115166,""
2021,"2021S051624660254",24660254,"Aggregate dissemination area",24660254,1.1,1.2,0,143,"    Median employment income in 2020 for full-year full-time workers in 2020 ($)",14,114000,"",129000,"",81000,"",103245,"",117919,"",69186,"",124755,"",140081,"",92814,"",114000,"",129000,"",81000,"",103245,"",117919,"",69186,"",124755,"",140081,"",92814,""
2021,"2021S051624660255",24660255,"Aggregate dissemination area",24660255,1.7,2.1,0,143,"    Median employment income in 2020 for full-year full-time workers in 2020 ($)",14,63600,"",69000,"",59200,"",61278,"",64274,"",55452,"",65922,"",73726,"",62948,"",63600,"",69000,"",59200,"",61278,"",64274,"",55452,"",65922,"",73726,"",62948,""
2021,"2021S051624660256",24660256,"Aggregate dissemination area",24660256,2.2,3.5,0,143,"    Median employment income in 2020 for full-year full-time workers in 2020 ($)",14,61600,"",63200,"",60400,"",59319,"",59167,"",57365,"",63881,"",67233,"",63435,"",61600,"",63200,"",60400,"",59319,"",59167,"",57365,"",63881,"",67233,"",63435,""
2021,"2021S051624660257",24660257,"Aggregate dissemination area",24660257,3,3.5,0,143,"    Median employment income in 2020 for full-year full-time workers in 2020 ($)",14,46400,"",44800,"",47200,"",43406,"",39422,"",43045,"",49394,"",50178,"",51355,"",46400,"",44800,"",47200,"",43406,"",39422,"",43045,"",49394,"",50178,"",51355,""
2021,"2021S051624660258",24660258,"Aggregate dissemination area",24660258,3.1,4.1,0,143,"    Median employment income in 2020 for full-year full-time workers in 2020 ($)",14,45200,"",49600,"",41600,"",43020,"",43774,"",39013,"",47380,"",55426,"",44187,"",45200,"",49600,"",41600,"",43020,"",43774,"",39013,"",47380,"",55426,"",44187,""
2021,"2021S051624660259",24660259,"Aggregate dissemination area",24660259,2.6,2.9,0,143,"    Median employment income in 2020 for full-year full-time workers in 2020 ($)",14,72500,"",79500,"",63200,"",70728,"",76771,"",59045,"",74272,"",82229,"",67355,"",72500,"",79500,"",63200,"",70728,"",76771,"",59045,"",74272,"",82229,"",67355,""
2021,"2021S051624660260",24660260,"Aggregate dissemination area",24660260,4.4,5.8,0,143,"    Median employment income in 2020 for full-year full-time workers in 2020 ($)",14,87000,"",94000,"",83000,"",84902,"",90252,"",79700,"",89098,"",97748,"",86300,"",87000,"",94000,"",83000,"",84902,"",90252,"",79700,"",89098,"",97748,"",86300,""
2021,"2021S051624660261",24660261,"Aggregate dissemination area",24660261,1.8,1.6,0,143,"    Median employment income in 2020 for full-year full-time workers in 2020 ($)",14,91000,"",107000,"",79000,"",87415,"",100074,"",73704,"",94585,"",113926,"",84296,"",91000,"",107000,"",79000,"",87415,"",100074,"",73704,"",94585,"",113926,"",84296,""
2021,"2021S051624660262",24660262,"Aggregate dissemination area",24660262,2.9,4.5,0,143,"    Median employment income in 2020 for full-year full-time workers in 2020 ($)",14,81000,"",86000,"",77000,"",77659,"",79156,"",70074,"",84341,"",92844,"",83926,"",81000,"",86000,"",77000,"",77659,"",79156,"",70074,"",84341,"",92844,"",83926,""
